
INSERT INTO `accesos` (`idacceso`, `fechaacceso`, `dispositivo`, `sistemaoperativo`, `idusuarios`) VALUES
(1, '2022-03-21 23:38:11', 'SONYVAIO', 'Windows NT', 1),
(2, '2022-03-21 23:39:09', 'SONYVAIO', 'Windows NT', 1),
(3, '2022-03-21 23:39:53', 'SONYVAIO', 'Windows NT', 1),
(4, '2022-03-21 23:40:28', 'SONYVAIO', 'Windows NT', 1),
(5, '2022-03-21 23:41:25', 'SONYVAIO', 'Windows NT', 1),
(6, '2022-03-22 20:43:47', 'SONYVAIO', 'Windows NT', 1),
(7, '2022-03-22 20:45:40', 'SONYVAIO', 'Windows NT', 1),
(8, '2022-03-22 21:03:02', 'SONYVAIO', 'Windows NT', 1),
(9, '2022-03-22 21:13:40', 'SONYVAIO', 'Windows NT', 1),
(10, '2022-03-22 21:25:46', 'SONYVAIO', 'Windows NT', 1),
(11, '2022-03-22 21:31:31', 'SONYVAIO', 'Windows NT', 1),
(12, '2022-03-22 21:42:25', 'SONYVAIO', 'Windows NT', 1),
(13, '2022-03-22 21:44:44', 'SONYVAIO', 'Windows NT', 1),
(14, '2022-03-22 21:49:17', 'SONYVAIO', 'Windows NT', 1),
(15, '2022-03-22 21:55:55', 'SONYVAIO', 'Windows NT', 1),
(16, '2022-03-22 23:57:23', 'SONYVAIO', 'Windows NT', 1),
(17, '2022-03-22 23:58:04', 'SONYVAIO', 'Windows NT', 1),
(18, '2022-03-22 23:58:25', 'SONYVAIO', 'Windows NT', 1),
(19, '2022-03-23 00:00:41', 'SONYVAIO', 'Windows NT', 1),
(20, '2022-03-23 00:00:59', 'SONYVAIO', 'Windows NT', 1),
(21, '2022-03-23 00:01:33', 'SONYVAIO', 'Windows NT', 1),
(22, '2022-03-23 00:02:00', 'SONYVAIO', 'Windows NT', 1),
(23, '2022-03-22 23:35:31', 'SONYVAIO', 'Windows NT', 1),
(24, '2022-03-22 23:42:00', 'SONYVAIO', 'Windows NT', 1),
(25, '2022-03-22 23:44:34', 'SONYVAIO', 'Windows NT', 1),
(26, '2022-03-23 00:21:05', 'SONYVAIO', 'Windows NT', 1),
(27, '2022-03-23 00:21:57', 'SONYVAIO', 'Windows NT', 1),
(28, '2022-03-23 20:52:58', 'SONYVAIO', 'Windows NT', 1),
(29, '2022-03-23 20:56:33', 'SONYVAIO', 'Windows NT', 1),
(30, '2022-03-23 21:01:00', 'SONYVAIO', 'Windows NT', 1),
(31, '2022-03-23 21:06:15', 'SONYVAIO', 'Windows NT', 1),
(32, '2022-03-23 21:10:35', 'SONYVAIO', 'Windows NT', 1),
(33, '2022-03-23 21:29:00', 'SONYVAIO', 'Windows NT', 2),
(34, '2022-03-23 21:29:17', 'SONYVAIO', 'Windows NT', 2),
(35, '2022-03-23 21:36:40', 'SONYVAIO', 'Windows NT', 3),
(36, '2022-03-23 21:37:05', 'SONYVAIO', 'Windows NT', 3),
(37, '2022-03-23 21:51:18', 'SONYVAIO', 'Windows NT', 4),
(38, '2022-03-23 21:52:03', 'SONYVAIO', 'Windows NT', 4),
(39, '2022-03-23 22:00:56', 'SONYVAIO', 'Windows NT', 5),
(40, '2022-03-23 22:01:21', 'SONYVAIO', 'Windows NT', 5),
(41, '2022-03-23 22:08:16', 'SONYVAIO', 'Windows NT', 6),
(42, '2022-03-23 22:08:38', 'SONYVAIO', 'Windows NT', 6),
(43, '2022-03-23 22:53:31', 'SONYVAIO', 'Windows NT', 7),
(44, '2022-03-23 22:53:49', 'SONYVAIO', 'Windows NT', 7),
(45, '2022-03-23 22:55:30', 'SONYVAIO', 'Windows NT', 2),
(46, '2022-03-23 22:59:21', 'SONYVAIO', 'Windows NT', 7),
(47, '2022-03-23 23:00:13', 'SONYVAIO', 'Windows NT', 5),
(48, '2022-03-23 23:02:10', 'SONYVAIO', 'Windows NT', 4),
(49, '2022-03-23 23:03:12', 'SONYVAIO', 'Windows NT', 6),
(50, '2022-03-23 23:06:03', 'SONYVAIO', 'Windows NT', 7),
(51, '2022-03-23 23:08:36', 'SONYVAIO', 'Windows NT', 1),
(52, '2022-03-23 23:33:26', 'SONYVAIO', 'Windows NT', 8),
(53, '2022-03-23 23:38:27', 'SONYVAIO', 'Windows NT', 5),
(54, '2022-03-23 23:40:14', 'SONYVAIO', 'Windows NT', 4),
(55, '2022-03-23 23:41:06', 'SONYVAIO', 'Windows NT', 6),
(56, '2022-03-23 23:48:10', 'SONYVAIO', 'Windows NT', 8),
(57, '2022-03-23 23:49:52', 'SONYVAIO', 'Windows NT', 6),
(58, '2022-03-23 23:53:45', 'SONYVAIO', 'Windows NT', 7),
(59, '2022-03-24 00:03:02', 'SONYVAIO', 'Windows NT', 1),
(60, '2022-03-24 00:05:46', 'SONYVAIO', 'Windows NT', 8),
(61, '2022-03-24 00:21:24', 'SONYVAIO', 'Windows NT', 1),
(62, '2022-03-24 20:37:32', 'SONYVAIO', 'Windows NT', 1),
(63, '2022-03-24 20:41:38', 'SONYVAIO', 'Windows NT', 1),
(64, '2022-03-24 21:20:38', 'SONYVAIO', 'Windows NT', 1),
(65, '2022-03-24 21:22:43', 'SONYVAIO', 'Windows NT', 7),
(66, '2022-03-24 21:23:12', 'SONYVAIO', 'Windows NT', 7),
(67, '2022-03-24 21:38:40', 'SONYVAIO', 'Windows NT', 1),
(68, '2022-03-24 21:52:13', 'SONYVAIO', 'Windows NT', 1),
(69, '2022-03-24 22:00:30', 'SONYVAIO', 'Windows NT', 1),
(70, '2022-03-24 22:09:24', 'SONYVAIO', 'Windows NT', 9),
(71, '2022-03-24 22:22:16', 'SONYVAIO', 'Windows NT', 5),
(72, '2022-03-24 22:25:32', 'SONYVAIO', 'Windows NT', 4),
(73, '2022-03-24 22:28:04', 'SONYVAIO', 'Windows NT', 5),
(74, '2022-03-24 22:37:12', 'SONYVAIO', 'Windows NT', 6),
(75, '2022-03-24 22:42:54', 'SONYVAIO', 'Windows NT', 9),
(76, '2022-03-24 22:44:13', 'SONYVAIO', 'Windows NT', 9),
(77, '2022-03-24 22:53:10', 'SONYVAIO', 'Windows NT', 1),
(78, '2022-03-24 23:43:08', 'SONYVAIO', 'Windows NT', 2),
(79, '2022-03-24 23:56:09', 'SONYVAIO', 'Windows NT', 8),
(80, '2022-03-25 00:02:11', 'SONYVAIO', 'Windows NT', 4),
(81, '2022-03-25 00:03:20', 'SONYVAIO', 'Windows NT', 1),
(82, '2022-03-25 00:08:29', 'SONYVAIO', 'Windows NT', 6),
(83, '2022-03-25 00:11:32', 'SONYVAIO', 'Windows NT', 1),
(84, '2022-03-25 01:23:32', 'SONYVAIO', 'Windows NT', 7),
(85, '2022-03-25 20:25:43', 'SONYVAIO', 'Windows NT', 1),
(86, '2022-03-25 20:32:48', 'SONYVAIO', 'Windows NT', 1),
(87, '2022-03-25 21:34:54', 'SONYVAIO', 'Windows NT', 1),
(88, '2022-03-25 21:45:21', 'SONYVAIO', 'Windows NT', 1),
(89, '2022-03-25 21:49:59', 'SONYVAIO', 'Windows NT', 1),
(90, '2022-03-25 21:52:00', 'SONYVAIO', 'Windows NT', 1),
(91, '2022-03-25 23:12:34', 'SONYVAIO', 'Windows NT', 5),
(92, '2022-03-25 23:13:36', 'SONYVAIO', 'Windows NT', 4),
(93, '2022-03-25 23:14:34', 'SONYVAIO', 'Windows NT', 6),
(94, '2022-03-26 04:24:44', 'SONYVAIO', 'Windows NT', 1),
(95, '2022-03-26 04:34:26', 'SONYVAIO', 'Windows NT', 1),
(96, '2022-03-26 04:51:12', 'SONYVAIO', 'Windows NT', 2),
(97, '2022-03-26 04:51:22', 'SONYVAIO', 'Windows NT', 1),
(98, '2022-03-28 04:44:14', 'SONYVAIO', 'Windows NT', 1),
(99, '2022-03-28 05:00:20', 'SONYVAIO', 'Windows NT', 1),
(100, '2022-03-28 05:02:01', 'SONYVAIO', 'Windows NT', 1),
(101, '2022-03-28 20:09:32', 'SONYVAIO', 'Windows NT', 1),
(102, '2022-03-28 20:59:13', 'SONYVAIO', 'Windows NT', 1),
(103, '2022-03-28 21:15:42', 'SONYVAIO', 'Windows NT', 6),
(104, '2022-03-29 04:12:04', 'SONYVAIO', 'Windows NT', 1),
(105, '2022-03-29 05:16:31', 'SONYVAIO', 'Windows NT', 8),
(106, '2022-03-29 20:22:41', 'SONYVAIO', 'Windows NT', 1),
(107, '2022-03-29 20:55:04', 'SONYVAIO', 'Windows NT', 8),
(108, '2022-03-29 21:20:15', 'SONYVAIO', 'Windows NT', 7),
(109, '2022-03-30 20:20:06', 'SONYVAIO', 'Windows NT', 1),
(110, '2022-03-30 23:58:29', 'SONYVAIO', 'Windows NT', 8),
(111, '2022-03-31 00:45:14', 'SONYVAIO', 'Windows NT', 8),
(112, '2022-03-31 19:35:29', 'SONYVAIO', 'Windows NT', 1),
(113, '2022-03-31 20:58:08', 'SONYVAIO', 'Windows NT', 8),
(114, '2022-03-31 23:10:01', 'SONYVAIO', 'Windows NT', 5),
(115, '2022-03-31 23:11:14', 'SONYVAIO', 'Windows NT', 4),
(116, '2022-03-31 23:11:59', 'SONYVAIO', 'Windows NT', 6),
(117, '2022-03-31 23:25:13', 'SONYVAIO', 'Windows NT', 8),
(118, '2022-03-31 23:34:10', 'SONYVAIO', 'Windows NT', 1),
(119, '2022-04-01 00:28:10', 'SONYVAIO', 'Windows NT', 4),
(120, '2022-04-01 00:29:36', 'SONYVAIO', 'Windows NT', 5),
(121, '2022-04-01 00:31:08', 'SONYVAIO', 'Windows NT', 6),
(122, '2022-04-01 00:32:17', 'SONYVAIO', 'Windows NT', 1),
(123, '2022-04-01 19:58:39', 'SONYVAIO', 'Windows NT', 1),
(124, '2022-04-01 20:00:44', 'SONYVAIO', 'Windows NT', 4),
(125, '2022-04-01 20:05:33', 'SONYVAIO', 'Windows NT', 5),
(126, '2022-04-01 20:08:46', 'SONYVAIO', 'Windows NT', 6),
(127, '2022-04-01 20:13:19', 'SONYVAIO', 'Windows NT', 1),
(128, '2022-04-01 20:32:21', 'SONYVAIO', 'Windows NT', 8),
(129, '2022-04-01 20:52:21', 'SONYVAIO', 'Windows NT', 1),
(130, '2022-04-02 00:16:29', 'SONYVAIO', 'Windows NT', 11),
(131, '2022-04-02 00:16:53', 'SONYVAIO', 'Windows NT', 11),
(132, '2022-04-02 00:18:34', 'SONYVAIO', 'Windows NT', 6),
(133, '2022-04-02 00:21:39', 'SONYVAIO', 'Windows NT', 5),
(134, '2022-04-02 00:22:35', 'SONYVAIO', 'Windows NT', 4),
(135, '2022-04-02 00:24:05', 'SONYVAIO', 'Windows NT', 6),
(136, '2022-04-02 00:28:25', 'SONYVAIO', 'Windows NT', 11),
(137, '2022-04-02 00:29:21', 'SONYVAIO', 'Windows NT', 1),
(138, '2022-04-07 23:40:56', 'LEGION5', 'Windows NT', 1),
(148, '2022-04-08 00:15:31', 'LEGION5', 'Windows NT', 5),
(149, '2022-04-08 00:24:06', 'LEGION5', 'Windows NT', 4),
(150, '2022-04-08 00:25:16', 'LEGION5', 'Windows NT', 6);


INSERT INTO `codigostransferencias` (`idcodigo`, `codigoseguridad`, `fecha`, `estado`, `idusuarios`) VALUES
(1, 380035, '2022-03-24 00:06:51', 'Valido', 8),
(2, 670719, '2022-03-24 21:29:12', 'Valido', 7);

INSERT INTO `creditos` (`idcreditos`, `idusuarios`, `idproducto`, `tipocliente`, `montocredito`, `interescredito`, `plazocredito`, `cuotamensual`, `fechasolicitud`, `salariocliente`, `saldocredito`, `estado`, `observaciones`, `observacion_gerencia`, `observacion_presidencia`, `usuario_empleado`, `progreso_solicitud`, `progreso_pagocredito`, `fecha_ultimarevision`, `usuario_gestionando`, `cuotas_generadas`, `copiacontratocliente`, `estadocrediticio`, `proceso_finalizado`, `enviaralhistorico`, `ocultartransacciones_clientes`, `creditoactivo`) VALUES
(10, 1, 2, 'asalariado', '10000.00', 10.95, 90, '155.07', '2022-04-06', '2505.88', '9333.333334', 'aprobado', 'Cliente cumple con todos los estandares.', 'aprobado', 'Aprobado', 'marco.almagro', 100, 0, '2022-04-07 11:30:38', 'ester.cuenca', 'si', '062332_624e77592cd00_ContratoPrPersonal02-03343322-4.pdf', 'Nuevo Cliente', 'si', 'no', 'no', 'si'),
(11, 10, 3, 'independiente', '2950000.00', 6.9, 15, '20408.05', '2022-04-06', '95898.88', '2884444.444444', 'aprobado', 'Cliente cumple con todos los estandares. Posee una sociedad fuerte.', 'aprobado', 'Aprobado', 'marco.almagro', 100, 0, '2022-04-07 11:49:53', 'ester.cuenca', 'si', '062351_624e7beb02acf_ContratoPrHipotecas-00000001-0.pdf', 'Nuevo Cliente', 'si', 'no', 'no', 'si'),
(12, 7, 4, 'asalariado', '45000.00', 30.8, 90, '784.20', '2022-04-07', '2500.00', '45000.000000', 'aprobado', 'Cumple con todos los estandares', 'Aprobado', 'Aprobado', 'daniel.rivera', 100, 0, '2022-04-08 00:24:55', 'ester.cuenca', 'si', '071828_624f81a46e82f_ContratoPrVehiculos-00000000-7.pdf', 'Nuevo Cliente', 'si', 'no', 'no', 'si');

INSERT INTO `cuentas` (`idcuentas`, `numerocuenta`, `montocuenta`, `fechaapertura`, `idproducto`, `idusuarios`, `estadocuenta`) VALUES
(1, 101462573, '2200.00', '2022-03-23 23:27:43', 1, 7, 'activa'),
(2, 104176523, '2100.00', '2022-03-24 00:02:28', 1, 8, 'activa'),
(3, 105321467, '6500.00', '2022-03-24 22:43:59', 1, 9, 'activa'),
(4, 106741235, '10500.00', '2022-03-25 00:08:45', 1, 1, 'activa'),
(5, 101537246, '75000.00', '2022-03-25 23:19:49', 1, 10, 'activa');

INSERT INTO `cuotas` (`idcuotas`, `idcreditos`, `idproducto`, `idusuarios`, `montocancelar`, `estadocuota`, `nombreproducto`, `montocapital`, `fechavencimiento`, `incumplimiento_pago`, `disponiblehistorico`) VALUES
(19, 10, 2, 1, '155.07', 'cancelado', 'Préstamos Personales', '111.11', '2022-05-06', 'NO', 'no'),
(20, 10, 2, 1, '155.07', 'cancelado', 'Préstamos Personales', '111.11', '2022-06-06', 'NO', 'no'),
(21, 10, 2, 1, '155.07', 'cancelado', 'Préstamos Personales', '111.11', '2022-07-06', 'NO', 'no'),
(22, 10, 2, 1, '155.07', 'pendiente', 'Préstamos Personales', '111.11', '2022-08-08', 'NO', 'no'),
(23, 10, 2, 1, '155.07', 'pendiente', 'Préstamos Personales', '111.11', '2022-09-06', 'NO', 'no'),
(24, 10, 2, 1, '155.07', 'pendiente', 'Préstamos Personales', '111.11', '2022-10-06', 'NO', 'no'),
(25, 10, 2, 1, '155.07', 'pendiente', 'Préstamos Personales', '111.11', '2022-11-07', 'NO', 'no'),
(26, 10, 2, 1, '155.07', 'pendiente', 'Préstamos Personales', '111.11', '2022-12-06', 'NO', 'no'),
(27, 10, 2, 1, '155.07', 'pendiente', 'Préstamos Personales', '111.11', '2023-01-06', 'NO', 'no'),
(28, 10, 2, 1, '155.07', 'pendiente', 'Préstamos Personales', '111.11', '2023-02-06', 'NO', 'no'),
(29, 10, 2, 1, '155.07', 'pendiente', 'Préstamos Personales', '111.11', '2023-03-06', 'NO', 'no'),
(30, 10, 2, 1, '155.07', 'pendiente', 'Préstamos Personales', '111.11', '2023-04-06', 'NO', 'no'),
(31, 10, 2, 1, '155.07', 'pendiente', 'Préstamos Personales', '111.11', '2023-05-08', 'NO', 'no'),
(32, 10, 2, 1, '155.07', 'pendiente', 'Préstamos Personales', '111.11', '2023-06-06', 'NO', 'no'),
(33, 10, 2, 1, '155.07', 'pendiente', 'Préstamos Personales', '111.11', '2023-07-06', 'NO', 'no'),
(34, 10, 2, 1, '155.07', 'pendiente', 'Préstamos Personales', '111.11', '2023-08-07', 'NO', 'no'),
(35, 10, 2, 1, '155.07', 'pendiente', 'Préstamos Personales', '111.11', '2023-09-06', 'NO', 'no'),
(36, 10, 2, 1, '155.07', 'pendiente', 'Préstamos Personales', '111.11', '2023-10-06', 'NO', 'no'),
(37, 10, 2, 1, '155.07', 'pendiente', 'Préstamos Personales', '111.11', '2023-11-06', 'NO', 'no'),
(38, 10, 2, 1, '155.07', 'pendiente', 'Préstamos Personales', '111.11', '2023-12-06', 'NO', 'no'),
(39, 10, 2, 1, '155.07', 'pendiente', 'Préstamos Personales', '111.11', '2024-01-08', 'NO', 'no'),
(40, 10, 2, 1, '155.07', 'pendiente', 'Préstamos Personales', '111.11', '2024-02-06', 'NO', 'no'),
(41, 10, 2, 1, '155.07', 'pendiente', 'Préstamos Personales', '111.11', '2024-03-06', 'NO', 'no'),
(42, 10, 2, 1, '155.07', 'pendiente', 'Préstamos Personales', '111.11', '2024-04-08', 'NO', 'no'),
(43, 10, 2, 1, '155.07', 'pendiente', 'Préstamos Personales', '111.11', '2024-05-06', 'NO', 'no'),
(44, 10, 2, 1, '155.07', 'pendiente', 'Préstamos Personales', '111.11', '2024-06-06', 'NO', 'no'),
(45, 10, 2, 1, '155.07', 'pendiente', 'Préstamos Personales', '111.11', '2024-07-08', 'NO', 'no'),
(46, 10, 2, 1, '155.07', 'pendiente', 'Préstamos Personales', '111.11', '2024-08-06', 'NO', 'no'),
(47, 10, 2, 1, '155.07', 'pendiente', 'Préstamos Personales', '111.11', '2024-09-06', 'NO', 'no'),
(48, 10, 2, 1, '155.07', 'pendiente', 'Préstamos Personales', '111.11', '2024-10-07', 'NO', 'no'),
(49, 10, 2, 1, '155.07', 'pendiente', 'Préstamos Personales', '111.11', '2024-11-06', 'NO', 'no'),
(50, 10, 2, 1, '155.07', 'pendiente', 'Préstamos Personales', '111.11', '2024-12-06', 'NO', 'no'),
(51, 10, 2, 1, '155.07', 'pendiente', 'Préstamos Personales', '111.11', '2025-01-06', 'NO', 'no'),
(52, 10, 2, 1, '155.07', 'pendiente', 'Préstamos Personales', '111.11', '2025-02-06', 'NO', 'no'),
(53, 10, 2, 1, '155.07', 'pendiente', 'Préstamos Personales', '111.11', '2025-03-06', 'NO', 'no'),
(54, 10, 2, 1, '155.07', 'pendiente', 'Préstamos Personales', '111.11', '2025-04-07', 'NO', 'no'),
(55, 10, 2, 1, '155.07', 'pendiente', 'Préstamos Personales', '111.11', '2025-05-06', 'NO', 'no'),
(56, 10, 2, 1, '155.07', 'pendiente', 'Préstamos Personales', '111.11', '2025-06-06', 'NO', 'no'),
(57, 10, 2, 1, '155.07', 'pendiente', 'Préstamos Personales', '111.11', '2025-07-07', 'NO', 'no'),
(58, 10, 2, 1, '155.07', 'pendiente', 'Préstamos Personales', '111.11', '2025-08-06', 'NO', 'no'),
(59, 10, 2, 1, '155.07', 'pendiente', 'Préstamos Personales', '111.11', '2025-09-08', 'NO', 'no'),
(60, 10, 2, 1, '155.07', 'pendiente', 'Préstamos Personales', '111.11', '2025-10-06', 'NO', 'no'),
(61, 10, 2, 1, '155.07', 'pendiente', 'Préstamos Personales', '111.11', '2025-11-06', 'NO', 'no'),
(62, 10, 2, 1, '155.07', 'pendiente', 'Préstamos Personales', '111.11', '2025-12-08', 'NO', 'no'),
(63, 10, 2, 1, '155.07', 'pendiente', 'Préstamos Personales', '111.11', '2026-01-06', 'NO', 'no'),
(64, 10, 2, 1, '155.07', 'pendiente', 'Préstamos Personales', '111.11', '2026-02-06', 'NO', 'no'),
(65, 10, 2, 1, '155.07', 'pendiente', 'Préstamos Personales', '111.11', '2026-03-06', 'NO', 'no'),
(66, 10, 2, 1, '155.07', 'pendiente', 'Préstamos Personales', '111.11', '2026-04-06', 'NO', 'no'),
(67, 10, 2, 1, '155.07', 'pendiente', 'Préstamos Personales', '111.11', '2026-05-06', 'NO', 'no'),
(68, 10, 2, 1, '155.07', 'pendiente', 'Préstamos Personales', '111.11', '2026-06-08', 'NO', 'no'),
(69, 10, 2, 1, '155.07', 'pendiente', 'Préstamos Personales', '111.11', '2026-07-06', 'NO', 'no'),
(70, 10, 2, 1, '155.07', 'pendiente', 'Préstamos Personales', '111.11', '2026-08-06', 'NO', 'no'),
(71, 10, 2, 1, '155.07', 'pendiente', 'Préstamos Personales', '111.11', '2026-09-07', 'NO', 'no'),
(72, 10, 2, 1, '155.07', 'pendiente', 'Préstamos Personales', '111.11', '2026-10-06', 'NO', 'no'),
(73, 10, 2, 1, '155.07', 'pendiente', 'Préstamos Personales', '111.11', '2026-11-06', 'NO', 'no'),
(74, 10, 2, 1, '155.07', 'pendiente', 'Préstamos Personales', '111.11', '2026-12-07', 'NO', 'no'),
(75, 10, 2, 1, '155.07', 'pendiente', 'Préstamos Personales', '111.11', '2027-01-06', 'NO', 'no'),
(76, 10, 2, 1, '155.07', 'pendiente', 'Préstamos Personales', '111.11', '2027-02-08', 'NO', 'no'),
(77, 10, 2, 1, '155.07', 'pendiente', 'Préstamos Personales', '111.11', '2027-03-08', 'NO', 'no'),
(78, 10, 2, 1, '155.07', 'pendiente', 'Préstamos Personales', '111.11', '2027-04-06', 'NO', 'no'),
(79, 10, 2, 1, '155.07', 'pendiente', 'Préstamos Personales', '111.11', '2027-05-06', 'NO', 'no'),
(80, 10, 2, 1, '155.07', 'pendiente', 'Préstamos Personales', '111.11', '2027-06-07', 'NO', 'no'),
(81, 10, 2, 1, '155.07', 'pendiente', 'Préstamos Personales', '111.11', '2027-07-06', 'NO', 'no'),
(82, 10, 2, 1, '155.07', 'pendiente', 'Préstamos Personales', '111.11', '2027-08-06', 'NO', 'no'),
(83, 10, 2, 1, '155.07', 'pendiente', 'Préstamos Personales', '111.11', '2027-09-06', 'NO', 'no'),
(84, 10, 2, 1, '155.07', 'pendiente', 'Préstamos Personales', '111.11', '2027-10-06', 'NO', 'no'),
(85, 10, 2, 1, '155.07', 'pendiente', 'Préstamos Personales', '111.11', '2027-11-08', 'NO', 'no'),
(86, 10, 2, 1, '155.07', 'pendiente', 'Préstamos Personales', '111.11', '2027-12-06', 'NO', 'no'),
(87, 10, 2, 1, '155.07', 'pendiente', 'Préstamos Personales', '111.11', '2028-01-06', 'NO', 'no'),
(88, 10, 2, 1, '155.07', 'pendiente', 'Préstamos Personales', '111.11', '2028-02-07', 'NO', 'no'),
(89, 10, 2, 1, '155.07', 'pendiente', 'Préstamos Personales', '111.11', '2028-03-06', 'NO', 'no'),
(90, 10, 2, 1, '155.07', 'pendiente', 'Préstamos Personales', '111.11', '2028-04-06', 'NO', 'no'),
(91, 10, 2, 1, '155.07', 'pendiente', 'Préstamos Personales', '111.11', '2028-05-08', 'NO', 'no'),
(92, 10, 2, 1, '155.07', 'pendiente', 'Préstamos Personales', '111.11', '2028-06-06', 'NO', 'no'),
(93, 10, 2, 1, '155.07', 'pendiente', 'Préstamos Personales', '111.11', '2028-07-06', 'NO', 'no'),
(94, 10, 2, 1, '155.07', 'pendiente', 'Préstamos Personales', '111.11', '2028-08-07', 'NO', 'no'),
(95, 10, 2, 1, '155.07', 'pendiente', 'Préstamos Personales', '111.11', '2028-09-06', 'NO', 'no'),
(96, 10, 2, 1, '155.07', 'pendiente', 'Préstamos Personales', '111.11', '2028-10-06', 'NO', 'no'),
(97, 10, 2, 1, '155.07', 'pendiente', 'Préstamos Personales', '111.11', '2028-11-06', 'NO', 'no'),
(98, 10, 2, 1, '155.07', 'pendiente', 'Préstamos Personales', '111.11', '2028-12-06', 'NO', 'no'),
(99, 10, 2, 1, '155.07', 'pendiente', 'Préstamos Personales', '111.11', '2029-01-08', 'NO', 'no'),
(100, 10, 2, 1, '155.07', 'pendiente', 'Préstamos Personales', '111.11', '2029-02-06', 'NO', 'no'),
(101, 10, 2, 1, '155.07', 'pendiente', 'Préstamos Personales', '111.11', '2029-03-06', 'NO', 'no'),
(102, 10, 2, 1, '155.07', 'pendiente', 'Préstamos Personales', '111.11', '2029-04-06', 'NO', 'no'),
(103, 10, 2, 1, '155.07', 'pendiente', 'Préstamos Personales', '111.11', '2029-05-07', 'NO', 'no'),
(104, 10, 2, 1, '155.07', 'pendiente', 'Préstamos Personales', '111.11', '2029-06-06', 'NO', 'no'),
(105, 10, 2, 1, '155.07', 'pendiente', 'Préstamos Personales', '111.11', '2029-07-06', 'NO', 'no'),
(106, 10, 2, 1, '155.07', 'pendiente', 'Préstamos Personales', '111.11', '2029-08-06', 'NO', 'no'),
(107, 10, 2, 1, '155.07', 'pendiente', 'Préstamos Personales', '111.11', '2029-09-06', 'NO', 'no'),
(108, 10, 2, 1, '155.07', 'pendiente', 'Préstamos Personales', '111.11', '2029-10-08', 'NO', 'no'),
(109, 11, 3, 10, '20408.05', 'cancelado', 'Préstamos Hipotecarios', '16388.89', '2022-05-06', 'NO', 'no'),
(110, 11, 3, 10, '20408.05', 'cancelado', 'Préstamos Hipotecarios', '16388.89', '2022-06-06', 'NO', 'no'),
(111, 11, 3, 10, '20408.05', 'pendiente', 'Préstamos Hipotecarios', '16388.89', '2022-07-06', 'NO', 'no'),
(112, 11, 3, 10, '20408.05', 'pendiente', 'Préstamos Hipotecarios', '16388.89', '2022-08-08', 'NO', 'no'),
(113, 11, 3, 10, '20408.05', 'pendiente', 'Préstamos Hipotecarios', '16388.89', '2022-09-06', 'NO', 'no'),
(114, 11, 3, 10, '20408.05', 'pendiente', 'Préstamos Hipotecarios', '16388.89', '2022-10-06', 'NO', 'no'),
(115, 11, 3, 10, '20408.05', 'pendiente', 'Préstamos Hipotecarios', '16388.89', '2022-11-07', 'NO', 'no'),
(116, 11, 3, 10, '20408.05', 'pendiente', 'Préstamos Hipotecarios', '16388.89', '2022-12-06', 'NO', 'no'),
(117, 11, 3, 10, '20408.05', 'pendiente', 'Préstamos Hipotecarios', '16388.89', '2023-01-06', 'NO', 'no'),
(118, 11, 3, 10, '20408.05', 'pendiente', 'Préstamos Hipotecarios', '16388.89', '2023-02-06', 'NO', 'no'),
(119, 11, 3, 10, '20408.05', 'pendiente', 'Préstamos Hipotecarios', '16388.89', '2023-03-06', 'NO', 'no'),
(120, 11, 3, 10, '20408.05', 'pendiente', 'Préstamos Hipotecarios', '16388.89', '2023-04-06', 'NO', 'no'),
(121, 11, 3, 10, '20408.05', 'pendiente', 'Préstamos Hipotecarios', '16388.89', '2023-05-08', 'NO', 'no'),
(122, 11, 3, 10, '20408.05', 'pendiente', 'Préstamos Hipotecarios', '16388.89', '2023-06-06', 'NO', 'no'),
(123, 11, 3, 10, '20408.05', 'pendiente', 'Préstamos Hipotecarios', '16388.89', '2023-07-06', 'NO', 'no'),
(124, 11, 3, 10, '20408.05', 'pendiente', 'Préstamos Hipotecarios', '16388.89', '2023-08-07', 'NO', 'no'),
(125, 11, 3, 10, '20408.05', 'pendiente', 'Préstamos Hipotecarios', '16388.89', '2023-09-06', 'NO', 'no'),
(126, 11, 3, 10, '20408.05', 'pendiente', 'Préstamos Hipotecarios', '16388.89', '2023-10-06', 'NO', 'no'),
(127, 11, 3, 10, '20408.05', 'pendiente', 'Préstamos Hipotecarios', '16388.89', '2023-11-06', 'NO', 'no'),
(128, 11, 3, 10, '20408.05', 'pendiente', 'Préstamos Hipotecarios', '16388.89', '2023-12-06', 'NO', 'no'),
(129, 11, 3, 10, '20408.05', 'pendiente', 'Préstamos Hipotecarios', '16388.89', '2024-01-08', 'NO', 'no'),
(130, 11, 3, 10, '20408.05', 'pendiente', 'Préstamos Hipotecarios', '16388.89', '2024-02-06', 'NO', 'no'),
(131, 11, 3, 10, '20408.05', 'pendiente', 'Préstamos Hipotecarios', '16388.89', '2024-03-06', 'NO', 'no'),
(132, 11, 3, 10, '20408.05', 'pendiente', 'Préstamos Hipotecarios', '16388.89', '2024-04-08', 'NO', 'no'),
(133, 11, 3, 10, '20408.05', 'pendiente', 'Préstamos Hipotecarios', '16388.89', '2024-05-06', 'NO', 'no'),
(134, 11, 3, 10, '20408.05', 'pendiente', 'Préstamos Hipotecarios', '16388.89', '2024-06-06', 'NO', 'no'),
(135, 11, 3, 10, '20408.05', 'pendiente', 'Préstamos Hipotecarios', '16388.89', '2024-07-08', 'NO', 'no'),
(136, 11, 3, 10, '20408.05', 'pendiente', 'Préstamos Hipotecarios', '16388.89', '2024-08-06', 'NO', 'no'),
(137, 11, 3, 10, '20408.05', 'pendiente', 'Préstamos Hipotecarios', '16388.89', '2024-09-06', 'NO', 'no'),
(138, 11, 3, 10, '20408.05', 'pendiente', 'Préstamos Hipotecarios', '16388.89', '2024-10-07', 'NO', 'no'),
(139, 11, 3, 10, '20408.05', 'pendiente', 'Préstamos Hipotecarios', '16388.89', '2024-11-06', 'NO', 'no'),
(140, 11, 3, 10, '20408.05', 'pendiente', 'Préstamos Hipotecarios', '16388.89', '2024-12-06', 'NO', 'no'),
(141, 11, 3, 10, '20408.05', 'pendiente', 'Préstamos Hipotecarios', '16388.89', '2025-01-06', 'NO', 'no'),
(142, 11, 3, 10, '20408.05', 'pendiente', 'Préstamos Hipotecarios', '16388.89', '2025-02-06', 'NO', 'no'),
(143, 11, 3, 10, '20408.05', 'pendiente', 'Préstamos Hipotecarios', '16388.89', '2025-03-06', 'NO', 'no'),
(144, 11, 3, 10, '20408.05', 'pendiente', 'Préstamos Hipotecarios', '16388.89', '2025-04-07', 'NO', 'no'),
(145, 11, 3, 10, '20408.05', 'pendiente', 'Préstamos Hipotecarios', '16388.89', '2025-05-06', 'NO', 'no'),
(146, 11, 3, 10, '20408.05', 'pendiente', 'Préstamos Hipotecarios', '16388.89', '2025-06-06', 'NO', 'no'),
(147, 11, 3, 10, '20408.05', 'pendiente', 'Préstamos Hipotecarios', '16388.89', '2025-07-07', 'NO', 'no'),
(148, 11, 3, 10, '20408.05', 'pendiente', 'Préstamos Hipotecarios', '16388.89', '2025-08-06', 'NO', 'no'),
(149, 11, 3, 10, '20408.05', 'pendiente', 'Préstamos Hipotecarios', '16388.89', '2025-09-08', 'NO', 'no'),
(150, 11, 3, 10, '20408.05', 'pendiente', 'Préstamos Hipotecarios', '16388.89', '2025-10-06', 'NO', 'no'),
(151, 11, 3, 10, '20408.05', 'pendiente', 'Préstamos Hipotecarios', '16388.89', '2025-11-06', 'NO', 'no'),
(152, 11, 3, 10, '20408.05', 'pendiente', 'Préstamos Hipotecarios', '16388.89', '2025-12-08', 'NO', 'no'),
(153, 11, 3, 10, '20408.05', 'pendiente', 'Préstamos Hipotecarios', '16388.89', '2026-01-06', 'NO', 'no'),
(154, 11, 3, 10, '20408.05', 'pendiente', 'Préstamos Hipotecarios', '16388.89', '2026-02-06', 'NO', 'no'),
(155, 11, 3, 10, '20408.05', 'pendiente', 'Préstamos Hipotecarios', '16388.89', '2026-03-06', 'NO', 'no'),
(156, 11, 3, 10, '20408.05', 'pendiente', 'Préstamos Hipotecarios', '16388.89', '2026-04-06', 'NO', 'no'),
(157, 11, 3, 10, '20408.05', 'pendiente', 'Préstamos Hipotecarios', '16388.89', '2026-05-06', 'NO', 'no'),
(158, 11, 3, 10, '20408.05', 'pendiente', 'Préstamos Hipotecarios', '16388.89', '2026-06-08', 'NO', 'no'),
(159, 11, 3, 10, '20408.05', 'pendiente', 'Préstamos Hipotecarios', '16388.89', '2026-07-06', 'NO', 'no'),
(160, 11, 3, 10, '20408.05', 'pendiente', 'Préstamos Hipotecarios', '16388.89', '2026-08-06', 'NO', 'no'),
(161, 11, 3, 10, '20408.05', 'pendiente', 'Préstamos Hipotecarios', '16388.89', '2026-09-07', 'NO', 'no'),
(162, 11, 3, 10, '20408.05', 'pendiente', 'Préstamos Hipotecarios', '16388.89', '2026-10-06', 'NO', 'no'),
(163, 11, 3, 10, '20408.05', 'pendiente', 'Préstamos Hipotecarios', '16388.89', '2026-11-06', 'NO', 'no'),
(164, 11, 3, 10, '20408.05', 'pendiente', 'Préstamos Hipotecarios', '16388.89', '2026-12-07', 'NO', 'no'),
(165, 11, 3, 10, '20408.05', 'pendiente', 'Préstamos Hipotecarios', '16388.89', '2027-01-06', 'NO', 'no'),
(166, 11, 3, 10, '20408.05', 'pendiente', 'Préstamos Hipotecarios', '16388.89', '2027-02-08', 'NO', 'no'),
(167, 11, 3, 10, '20408.05', 'pendiente', 'Préstamos Hipotecarios', '16388.89', '2027-03-08', 'NO', 'no'),
(168, 11, 3, 10, '20408.05', 'pendiente', 'Préstamos Hipotecarios', '16388.89', '2027-04-06', 'NO', 'no'),
(169, 11, 3, 10, '20408.05', 'pendiente', 'Préstamos Hipotecarios', '16388.89', '2027-05-06', 'NO', 'no'),
(170, 11, 3, 10, '20408.05', 'pendiente', 'Préstamos Hipotecarios', '16388.89', '2027-06-07', 'NO', 'no'),
(171, 11, 3, 10, '20408.05', 'pendiente', 'Préstamos Hipotecarios', '16388.89', '2027-07-06', 'NO', 'no'),
(172, 11, 3, 10, '20408.05', 'pendiente', 'Préstamos Hipotecarios', '16388.89', '2027-08-06', 'NO', 'no'),
(173, 11, 3, 10, '20408.05', 'pendiente', 'Préstamos Hipotecarios', '16388.89', '2027-09-06', 'NO', 'no'),
(174, 11, 3, 10, '20408.05', 'pendiente', 'Préstamos Hipotecarios', '16388.89', '2027-10-06', 'NO', 'no'),
(175, 11, 3, 10, '20408.05', 'pendiente', 'Préstamos Hipotecarios', '16388.89', '2027-11-08', 'NO', 'no'),
(176, 11, 3, 10, '20408.05', 'pendiente', 'Préstamos Hipotecarios', '16388.89', '2027-12-06', 'NO', 'no'),
(177, 11, 3, 10, '20408.05', 'pendiente', 'Préstamos Hipotecarios', '16388.89', '2028-01-06', 'NO', 'no'),
(178, 11, 3, 10, '20408.05', 'pendiente', 'Préstamos Hipotecarios', '16388.89', '2028-02-07', 'NO', 'no'),
(179, 11, 3, 10, '20408.05', 'pendiente', 'Préstamos Hipotecarios', '16388.89', '2028-03-06', 'NO', 'no'),
(180, 11, 3, 10, '20408.05', 'pendiente', 'Préstamos Hipotecarios', '16388.89', '2028-04-06', 'NO', 'no'),
(181, 11, 3, 10, '20408.05', 'pendiente', 'Préstamos Hipotecarios', '16388.89', '2028-05-08', 'NO', 'no'),
(182, 11, 3, 10, '20408.05', 'pendiente', 'Préstamos Hipotecarios', '16388.89', '2028-06-06', 'NO', 'no'),
(183, 11, 3, 10, '20408.05', 'pendiente', 'Préstamos Hipotecarios', '16388.89', '2028-07-06', 'NO', 'no'),
(184, 11, 3, 10, '20408.05', 'pendiente', 'Préstamos Hipotecarios', '16388.89', '2028-08-07', 'NO', 'no'),
(185, 11, 3, 10, '20408.05', 'pendiente', 'Préstamos Hipotecarios', '16388.89', '2028-09-06', 'NO', 'no'),
(186, 11, 3, 10, '20408.05', 'pendiente', 'Préstamos Hipotecarios', '16388.89', '2028-10-06', 'NO', 'no'),
(187, 11, 3, 10, '20408.05', 'pendiente', 'Préstamos Hipotecarios', '16388.89', '2028-11-06', 'NO', 'no'),
(188, 11, 3, 10, '20408.05', 'pendiente', 'Préstamos Hipotecarios', '16388.89', '2028-12-06', 'NO', 'no'),
(189, 11, 3, 10, '20408.05', 'pendiente', 'Préstamos Hipotecarios', '16388.89', '2029-01-08', 'NO', 'no'),
(190, 11, 3, 10, '20408.05', 'pendiente', 'Préstamos Hipotecarios', '16388.89', '2029-02-06', 'NO', 'no'),
(191, 11, 3, 10, '20408.05', 'pendiente', 'Préstamos Hipotecarios', '16388.89', '2029-03-06', 'NO', 'no'),
(192, 11, 3, 10, '20408.05', 'pendiente', 'Préstamos Hipotecarios', '16388.89', '2029-04-06', 'NO', 'no'),
(193, 11, 3, 10, '20408.05', 'pendiente', 'Préstamos Hipotecarios', '16388.89', '2029-05-07', 'NO', 'no'),
(194, 11, 3, 10, '20408.05', 'pendiente', 'Préstamos Hipotecarios', '16388.89', '2029-06-06', 'NO', 'no'),
(195, 11, 3, 10, '20408.05', 'pendiente', 'Préstamos Hipotecarios', '16388.89', '2029-07-06', 'NO', 'no'),
(196, 11, 3, 10, '20408.05', 'pendiente', 'Préstamos Hipotecarios', '16388.89', '2029-08-06', 'NO', 'no'),
(197, 11, 3, 10, '20408.05', 'pendiente', 'Préstamos Hipotecarios', '16388.89', '2029-09-06', 'NO', 'no'),
(198, 11, 3, 10, '20408.05', 'pendiente', 'Préstamos Hipotecarios', '16388.89', '2029-10-08', 'NO', 'no'),
(199, 11, 3, 10, '20408.05', 'pendiente', 'Préstamos Hipotecarios', '16388.89', '2029-11-06', 'NO', 'no'),
(200, 11, 3, 10, '20408.05', 'pendiente', 'Préstamos Hipotecarios', '16388.89', '2029-12-06', 'NO', 'no'),
(201, 11, 3, 10, '20408.05', 'pendiente', 'Préstamos Hipotecarios', '16388.89', '2030-01-07', 'NO', 'no'),
(202, 11, 3, 10, '20408.05', 'pendiente', 'Préstamos Hipotecarios', '16388.89', '2030-02-06', 'NO', 'no'),
(203, 11, 3, 10, '20408.05', 'pendiente', 'Préstamos Hipotecarios', '16388.89', '2030-03-06', 'NO', 'no'),
(204, 11, 3, 10, '20408.05', 'pendiente', 'Préstamos Hipotecarios', '16388.89', '2030-04-08', 'NO', 'no'),
(205, 11, 3, 10, '20408.05', 'pendiente', 'Préstamos Hipotecarios', '16388.89', '2030-05-06', 'NO', 'no'),
(206, 11, 3, 10, '20408.05', 'pendiente', 'Préstamos Hipotecarios', '16388.89', '2030-06-06', 'NO', 'no'),
(207, 11, 3, 10, '20408.05', 'pendiente', 'Préstamos Hipotecarios', '16388.89', '2030-07-08', 'NO', 'no'),
(208, 11, 3, 10, '20408.05', 'pendiente', 'Préstamos Hipotecarios', '16388.89', '2030-08-06', 'NO', 'no'),
(209, 11, 3, 10, '20408.05', 'pendiente', 'Préstamos Hipotecarios', '16388.89', '2030-09-06', 'NO', 'no'),
(210, 11, 3, 10, '20408.05', 'pendiente', 'Préstamos Hipotecarios', '16388.89', '2030-10-07', 'NO', 'no'),
(211, 11, 3, 10, '20408.05', 'pendiente', 'Préstamos Hipotecarios', '16388.89', '2030-11-06', 'NO', 'no'),
(212, 11, 3, 10, '20408.05', 'pendiente', 'Préstamos Hipotecarios', '16388.89', '2030-12-06', 'NO', 'no'),
(213, 11, 3, 10, '20408.05', 'pendiente', 'Préstamos Hipotecarios', '16388.89', '2031-01-06', 'NO', 'no'),
(214, 11, 3, 10, '20408.05', 'pendiente', 'Préstamos Hipotecarios', '16388.89', '2031-02-06', 'NO', 'no'),
(215, 11, 3, 10, '20408.05', 'pendiente', 'Préstamos Hipotecarios', '16388.89', '2031-03-06', 'NO', 'no'),
(216, 11, 3, 10, '20408.05', 'pendiente', 'Préstamos Hipotecarios', '16388.89', '2031-04-07', 'NO', 'no'),
(217, 11, 3, 10, '20408.05', 'pendiente', 'Préstamos Hipotecarios', '16388.89', '2031-05-06', 'NO', 'no'),
(218, 11, 3, 10, '20408.05', 'pendiente', 'Préstamos Hipotecarios', '16388.89', '2031-06-06', 'NO', 'no'),
(219, 11, 3, 10, '20408.05', 'pendiente', 'Préstamos Hipotecarios', '16388.89', '2031-07-07', 'NO', 'no'),
(220, 11, 3, 10, '20408.05', 'pendiente', 'Préstamos Hipotecarios', '16388.89', '2031-08-06', 'NO', 'no'),
(221, 11, 3, 10, '20408.05', 'pendiente', 'Préstamos Hipotecarios', '16388.89', '2031-09-08', 'NO', 'no'),
(222, 11, 3, 10, '20408.05', 'pendiente', 'Préstamos Hipotecarios', '16388.89', '2031-10-06', 'NO', 'no'),
(223, 11, 3, 10, '20408.05', 'pendiente', 'Préstamos Hipotecarios', '16388.89', '2031-11-06', 'NO', 'no'),
(224, 11, 3, 10, '20408.05', 'pendiente', 'Préstamos Hipotecarios', '16388.89', '2031-12-08', 'NO', 'no'),
(225, 11, 3, 10, '20408.05', 'pendiente', 'Préstamos Hipotecarios', '16388.89', '2032-01-06', 'NO', 'no'),
(226, 11, 3, 10, '20408.05', 'pendiente', 'Préstamos Hipotecarios', '16388.89', '2032-02-06', 'NO', 'no'),
(227, 11, 3, 10, '20408.05', 'pendiente', 'Préstamos Hipotecarios', '16388.89', '2032-03-08', 'NO', 'no'),
(228, 11, 3, 10, '20408.05', 'pendiente', 'Préstamos Hipotecarios', '16388.89', '2032-04-06', 'NO', 'no'),
(229, 11, 3, 10, '20408.05', 'pendiente', 'Préstamos Hipotecarios', '16388.89', '2032-05-06', 'NO', 'no'),
(230, 11, 3, 10, '20408.05', 'pendiente', 'Préstamos Hipotecarios', '16388.89', '2032-06-07', 'NO', 'no'),
(231, 11, 3, 10, '20408.05', 'pendiente', 'Préstamos Hipotecarios', '16388.89', '2032-07-06', 'NO', 'no'),
(232, 11, 3, 10, '20408.05', 'pendiente', 'Préstamos Hipotecarios', '16388.89', '2032-08-06', 'NO', 'no'),
(233, 11, 3, 10, '20408.05', 'pendiente', 'Préstamos Hipotecarios', '16388.89', '2032-09-06', 'NO', 'no'),
(234, 11, 3, 10, '20408.05', 'pendiente', 'Préstamos Hipotecarios', '16388.89', '2032-10-06', 'NO', 'no'),
(235, 11, 3, 10, '20408.05', 'pendiente', 'Préstamos Hipotecarios', '16388.89', '2032-11-08', 'NO', 'no'),
(236, 11, 3, 10, '20408.05', 'pendiente', 'Préstamos Hipotecarios', '16388.89', '2032-12-06', 'NO', 'no'),
(237, 11, 3, 10, '20408.05', 'pendiente', 'Préstamos Hipotecarios', '16388.89', '2033-01-06', 'NO', 'no'),
(238, 11, 3, 10, '20408.05', 'pendiente', 'Préstamos Hipotecarios', '16388.89', '2033-02-07', 'NO', 'no'),
(239, 11, 3, 10, '20408.05', 'pendiente', 'Préstamos Hipotecarios', '16388.89', '2033-03-07', 'NO', 'no'),
(240, 11, 3, 10, '20408.05', 'pendiente', 'Préstamos Hipotecarios', '16388.89', '2033-04-06', 'NO', 'no'),
(241, 11, 3, 10, '20408.05', 'pendiente', 'Préstamos Hipotecarios', '16388.89', '2033-05-06', 'NO', 'no'),
(242, 11, 3, 10, '20408.05', 'pendiente', 'Préstamos Hipotecarios', '16388.89', '2033-06-06', 'NO', 'no'),
(243, 11, 3, 10, '20408.05', 'pendiente', 'Préstamos Hipotecarios', '16388.89', '2033-07-06', 'NO', 'no'),
(244, 11, 3, 10, '20408.05', 'pendiente', 'Préstamos Hipotecarios', '16388.89', '2033-08-08', 'NO', 'no'),
(245, 11, 3, 10, '20408.05', 'pendiente', 'Préstamos Hipotecarios', '16388.89', '2033-09-06', 'NO', 'no'),
(246, 11, 3, 10, '20408.05', 'pendiente', 'Préstamos Hipotecarios', '16388.89', '2033-10-06', 'NO', 'no'),
(247, 11, 3, 10, '20408.05', 'pendiente', 'Préstamos Hipotecarios', '16388.89', '2033-11-07', 'NO', 'no'),
(248, 11, 3, 10, '20408.05', 'pendiente', 'Préstamos Hipotecarios', '16388.89', '2033-12-06', 'NO', 'no'),
(249, 11, 3, 10, '20408.05', 'pendiente', 'Préstamos Hipotecarios', '16388.89', '2034-01-06', 'NO', 'no'),
(250, 11, 3, 10, '20408.05', 'pendiente', 'Préstamos Hipotecarios', '16388.89', '2034-02-06', 'NO', 'no'),
(251, 11, 3, 10, '20408.05', 'pendiente', 'Préstamos Hipotecarios', '16388.89', '2034-03-06', 'NO', 'no'),
(252, 11, 3, 10, '20408.05', 'pendiente', 'Préstamos Hipotecarios', '16388.89', '2034-04-06', 'NO', 'no'),
(253, 11, 3, 10, '20408.05', 'pendiente', 'Préstamos Hipotecarios', '16388.89', '2034-05-08', 'NO', 'no'),
(254, 11, 3, 10, '20408.05', 'pendiente', 'Préstamos Hipotecarios', '16388.89', '2034-06-06', 'NO', 'no'),
(255, 11, 3, 10, '20408.05', 'pendiente', 'Préstamos Hipotecarios', '16388.89', '2034-07-06', 'NO', 'no'),
(256, 11, 3, 10, '20408.05', 'pendiente', 'Préstamos Hipotecarios', '16388.89', '2034-08-07', 'NO', 'no'),
(257, 11, 3, 10, '20408.05', 'pendiente', 'Préstamos Hipotecarios', '16388.89', '2034-09-06', 'NO', 'no'),
(258, 11, 3, 10, '20408.05', 'pendiente', 'Préstamos Hipotecarios', '16388.89', '2034-10-06', 'NO', 'no'),
(259, 11, 3, 10, '20408.05', 'pendiente', 'Préstamos Hipotecarios', '16388.89', '2034-11-06', 'NO', 'no'),
(260, 11, 3, 10, '20408.05', 'pendiente', 'Préstamos Hipotecarios', '16388.89', '2034-12-06', 'NO', 'no'),
(261, 11, 3, 10, '20408.05', 'pendiente', 'Préstamos Hipotecarios', '16388.89', '2035-01-08', 'NO', 'no'),
(262, 11, 3, 10, '20408.05', 'pendiente', 'Préstamos Hipotecarios', '16388.89', '2035-02-06', 'NO', 'no'),
(263, 11, 3, 10, '20408.05', 'pendiente', 'Préstamos Hipotecarios', '16388.89', '2035-03-06', 'NO', 'no'),
(264, 11, 3, 10, '20408.05', 'pendiente', 'Préstamos Hipotecarios', '16388.89', '2035-04-06', 'NO', 'no'),
(265, 11, 3, 10, '20408.05', 'pendiente', 'Préstamos Hipotecarios', '16388.89', '2035-05-07', 'NO', 'no'),
(266, 11, 3, 10, '20408.05', 'pendiente', 'Préstamos Hipotecarios', '16388.89', '2035-06-06', 'NO', 'no'),
(267, 11, 3, 10, '20408.05', 'pendiente', 'Préstamos Hipotecarios', '16388.89', '2035-07-06', 'NO', 'no'),
(268, 11, 3, 10, '20408.05', 'pendiente', 'Préstamos Hipotecarios', '16388.89', '2035-08-06', 'NO', 'no'),
(269, 11, 3, 10, '20408.05', 'pendiente', 'Préstamos Hipotecarios', '16388.89', '2035-09-06', 'NO', 'no'),
(270, 11, 3, 10, '20408.05', 'pendiente', 'Préstamos Hipotecarios', '16388.89', '2035-10-08', 'NO', 'no'),
(271, 11, 3, 10, '20408.05', 'pendiente', 'Préstamos Hipotecarios', '16388.89', '2035-11-06', 'NO', 'no'),
(272, 11, 3, 10, '20408.05', 'pendiente', 'Préstamos Hipotecarios', '16388.89', '2035-12-06', 'NO', 'no'),
(273, 11, 3, 10, '20408.05', 'pendiente', 'Préstamos Hipotecarios', '16388.89', '2036-01-07', 'NO', 'no'),
(274, 11, 3, 10, '20408.05', 'pendiente', 'Préstamos Hipotecarios', '16388.89', '2036-02-06', 'NO', 'no'),
(275, 11, 3, 10, '20408.05', 'pendiente', 'Préstamos Hipotecarios', '16388.89', '2036-03-06', 'NO', 'no'),
(276, 11, 3, 10, '20408.05', 'pendiente', 'Préstamos Hipotecarios', '16388.89', '2036-04-07', 'NO', 'no'),
(277, 11, 3, 10, '20408.05', 'pendiente', 'Préstamos Hipotecarios', '16388.89', '2036-05-06', 'NO', 'no'),
(278, 11, 3, 10, '20408.05', 'pendiente', 'Préstamos Hipotecarios', '16388.89', '2036-06-06', 'NO', 'no'),
(279, 11, 3, 10, '20408.05', 'pendiente', 'Préstamos Hipotecarios', '16388.89', '2036-07-07', 'NO', 'no'),
(280, 11, 3, 10, '20408.05', 'pendiente', 'Préstamos Hipotecarios', '16388.89', '2036-08-06', 'NO', 'no'),
(281, 11, 3, 10, '20408.05', 'pendiente', 'Préstamos Hipotecarios', '16388.89', '2036-09-08', 'NO', 'no'),
(282, 11, 3, 10, '20408.05', 'pendiente', 'Préstamos Hipotecarios', '16388.89', '2036-10-06', 'NO', 'no'),
(283, 11, 3, 10, '20408.05', 'pendiente', 'Préstamos Hipotecarios', '16388.89', '2036-11-06', 'NO', 'no'),
(284, 11, 3, 10, '20408.05', 'pendiente', 'Préstamos Hipotecarios', '16388.89', '2036-12-08', 'NO', 'no'),
(285, 11, 3, 10, '20408.05', 'pendiente', 'Préstamos Hipotecarios', '16388.89', '2037-01-06', 'NO', 'no'),
(286, 11, 3, 10, '20408.05', 'pendiente', 'Préstamos Hipotecarios', '16388.89', '2037-02-06', 'NO', 'no'),
(287, 11, 3, 10, '20408.05', 'pendiente', 'Préstamos Hipotecarios', '16388.89', '2037-03-06', 'NO', 'no'),
(288, 11, 3, 10, '20408.05', 'pendiente', 'Préstamos Hipotecarios', '16388.89', '2037-04-06', 'NO', 'no'),
(289, 12, 4, 7, '784.20', 'pendiente', 'Préstamos de Vehículos', '500.00', '2022-05-09', 'NO', 'no'),
(290, 12, 4, 7, '784.20', 'pendiente', 'Préstamos de Vehículos', '500.00', '2022-06-07', 'NO', 'no'),
(291, 12, 4, 7, '784.20', 'pendiente', 'Préstamos de Vehículos', '500.00', '2022-07-07', 'NO', 'no'),
(292, 12, 4, 7, '784.20', 'pendiente', 'Préstamos de Vehículos', '500.00', '2022-08-08', 'NO', 'no'),
(293, 12, 4, 7, '784.20', 'pendiente', 'Préstamos de Vehículos', '500.00', '2022-09-07', 'NO', 'no'),
(294, 12, 4, 7, '784.20', 'pendiente', 'Préstamos de Vehículos', '500.00', '2022-10-07', 'NO', 'no'),
(295, 12, 4, 7, '784.20', 'pendiente', 'Préstamos de Vehículos', '500.00', '2022-11-07', 'NO', 'no'),
(296, 12, 4, 7, '784.20', 'pendiente', 'Préstamos de Vehículos', '500.00', '2022-12-07', 'NO', 'no'),
(297, 12, 4, 7, '784.20', 'pendiente', 'Préstamos de Vehículos', '500.00', '2023-01-09', 'NO', 'no'),
(298, 12, 4, 7, '784.20', 'pendiente', 'Préstamos de Vehículos', '500.00', '2023-02-07', 'NO', 'no'),
(299, 12, 4, 7, '784.20', 'pendiente', 'Préstamos de Vehículos', '500.00', '2023-03-07', 'NO', 'no'),
(300, 12, 4, 7, '784.20', 'pendiente', 'Préstamos de Vehículos', '500.00', '2023-04-07', 'NO', 'no'),
(301, 12, 4, 7, '784.20', 'pendiente', 'Préstamos de Vehículos', '500.00', '2023-05-08', 'NO', 'no'),
(302, 12, 4, 7, '784.20', 'pendiente', 'Préstamos de Vehículos', '500.00', '2023-06-07', 'NO', 'no'),
(303, 12, 4, 7, '784.20', 'pendiente', 'Préstamos de Vehículos', '500.00', '2023-07-07', 'NO', 'no'),
(304, 12, 4, 7, '784.20', 'pendiente', 'Préstamos de Vehículos', '500.00', '2023-08-07', 'NO', 'no'),
(305, 12, 4, 7, '784.20', 'pendiente', 'Préstamos de Vehículos', '500.00', '2023-09-07', 'NO', 'no'),
(306, 12, 4, 7, '784.20', 'pendiente', 'Préstamos de Vehículos', '500.00', '2023-10-09', 'NO', 'no'),
(307, 12, 4, 7, '784.20', 'pendiente', 'Préstamos de Vehículos', '500.00', '2023-11-07', 'NO', 'no'),
(308, 12, 4, 7, '784.20', 'pendiente', 'Préstamos de Vehículos', '500.00', '2023-12-07', 'NO', 'no'),
(309, 12, 4, 7, '784.20', 'pendiente', 'Préstamos de Vehículos', '500.00', '2024-01-08', 'NO', 'no'),
(310, 12, 4, 7, '784.20', 'pendiente', 'Préstamos de Vehículos', '500.00', '2024-02-07', 'NO', 'no'),
(311, 12, 4, 7, '784.20', 'pendiente', 'Préstamos de Vehículos', '500.00', '2024-03-07', 'NO', 'no'),
(312, 12, 4, 7, '784.20', 'pendiente', 'Préstamos de Vehículos', '500.00', '2024-04-08', 'NO', 'no'),
(313, 12, 4, 7, '784.20', 'pendiente', 'Préstamos de Vehículos', '500.00', '2024-05-07', 'NO', 'no'),
(314, 12, 4, 7, '784.20', 'pendiente', 'Préstamos de Vehículos', '500.00', '2024-06-07', 'NO', 'no'),
(315, 12, 4, 7, '784.20', 'pendiente', 'Préstamos de Vehículos', '500.00', '2024-07-08', 'NO', 'no'),
(316, 12, 4, 7, '784.20', 'pendiente', 'Préstamos de Vehículos', '500.00', '2024-08-07', 'NO', 'no'),
(317, 12, 4, 7, '784.20', 'pendiente', 'Préstamos de Vehículos', '500.00', '2024-09-09', 'NO', 'no'),
(318, 12, 4, 7, '784.20', 'pendiente', 'Préstamos de Vehículos', '500.00', '2024-10-07', 'NO', 'no'),
(319, 12, 4, 7, '784.20', 'pendiente', 'Préstamos de Vehículos', '500.00', '2024-11-07', 'NO', 'no'),
(320, 12, 4, 7, '784.20', 'pendiente', 'Préstamos de Vehículos', '500.00', '2024-12-09', 'NO', 'no'),
(321, 12, 4, 7, '784.20', 'pendiente', 'Préstamos de Vehículos', '500.00', '2025-01-07', 'NO', 'no'),
(322, 12, 4, 7, '784.20', 'pendiente', 'Préstamos de Vehículos', '500.00', '2025-02-07', 'NO', 'no'),
(323, 12, 4, 7, '784.20', 'pendiente', 'Préstamos de Vehículos', '500.00', '2025-03-07', 'NO', 'no'),
(324, 12, 4, 7, '784.20', 'pendiente', 'Préstamos de Vehículos', '500.00', '2025-04-07', 'NO', 'no'),
(325, 12, 4, 7, '784.20', 'pendiente', 'Préstamos de Vehículos', '500.00', '2025-05-07', 'NO', 'no'),
(326, 12, 4, 7, '784.20', 'pendiente', 'Préstamos de Vehículos', '500.00', '2025-06-09', 'NO', 'no'),
(327, 12, 4, 7, '784.20', 'pendiente', 'Préstamos de Vehículos', '500.00', '2025-07-07', 'NO', 'no'),
(328, 12, 4, 7, '784.20', 'pendiente', 'Préstamos de Vehículos', '500.00', '2025-08-07', 'NO', 'no'),
(329, 12, 4, 7, '784.20', 'pendiente', 'Préstamos de Vehículos', '500.00', '2025-09-08', 'NO', 'no'),
(330, 12, 4, 7, '784.20', 'pendiente', 'Préstamos de Vehículos', '500.00', '2025-10-07', 'NO', 'no'),
(331, 12, 4, 7, '784.20', 'pendiente', 'Préstamos de Vehículos', '500.00', '2025-11-07', 'NO', 'no'),
(332, 12, 4, 7, '784.20', 'pendiente', 'Préstamos de Vehículos', '500.00', '2025-12-08', 'NO', 'no'),
(333, 12, 4, 7, '784.20', 'pendiente', 'Préstamos de Vehículos', '500.00', '2026-01-07', 'NO', 'no'),
(334, 12, 4, 7, '784.20', 'pendiente', 'Préstamos de Vehículos', '500.00', '2026-02-09', 'NO', 'no'),
(335, 12, 4, 7, '784.20', 'pendiente', 'Préstamos de Vehículos', '500.00', '2026-03-09', 'NO', 'no'),
(336, 12, 4, 7, '784.20', 'pendiente', 'Préstamos de Vehículos', '500.00', '2026-04-07', 'NO', 'no'),
(337, 12, 4, 7, '784.20', 'pendiente', 'Préstamos de Vehículos', '500.00', '2026-05-07', 'NO', 'no'),
(338, 12, 4, 7, '784.20', 'pendiente', 'Préstamos de Vehículos', '500.00', '2026-06-08', 'NO', 'no'),
(339, 12, 4, 7, '784.20', 'pendiente', 'Préstamos de Vehículos', '500.00', '2026-07-07', 'NO', 'no'),
(340, 12, 4, 7, '784.20', 'pendiente', 'Préstamos de Vehículos', '500.00', '2026-08-07', 'NO', 'no'),
(341, 12, 4, 7, '784.20', 'pendiente', 'Préstamos de Vehículos', '500.00', '2026-09-07', 'NO', 'no'),
(342, 12, 4, 7, '784.20', 'pendiente', 'Préstamos de Vehículos', '500.00', '2026-10-07', 'NO', 'no'),
(343, 12, 4, 7, '784.20', 'pendiente', 'Préstamos de Vehículos', '500.00', '2026-11-09', 'NO', 'no'),
(344, 12, 4, 7, '784.20', 'pendiente', 'Préstamos de Vehículos', '500.00', '2026-12-07', 'NO', 'no'),
(345, 12, 4, 7, '784.20', 'pendiente', 'Préstamos de Vehículos', '500.00', '2027-01-07', 'NO', 'no'),
(346, 12, 4, 7, '784.20', 'pendiente', 'Préstamos de Vehículos', '500.00', '2027-02-08', 'NO', 'no'),
(347, 12, 4, 7, '784.20', 'pendiente', 'Préstamos de Vehículos', '500.00', '2027-03-08', 'NO', 'no'),
(348, 12, 4, 7, '784.20', 'pendiente', 'Préstamos de Vehículos', '500.00', '2027-04-07', 'NO', 'no'),
(349, 12, 4, 7, '784.20', 'pendiente', 'Préstamos de Vehículos', '500.00', '2027-05-07', 'NO', 'no'),
(350, 12, 4, 7, '784.20', 'pendiente', 'Préstamos de Vehículos', '500.00', '2027-06-07', 'NO', 'no'),
(351, 12, 4, 7, '784.20', 'pendiente', 'Préstamos de Vehículos', '500.00', '2027-07-07', 'NO', 'no'),
(352, 12, 4, 7, '784.20', 'pendiente', 'Préstamos de Vehículos', '500.00', '2027-08-09', 'NO', 'no'),
(353, 12, 4, 7, '784.20', 'pendiente', 'Préstamos de Vehículos', '500.00', '2027-09-07', 'NO', 'no'),
(354, 12, 4, 7, '784.20', 'pendiente', 'Préstamos de Vehículos', '500.00', '2027-10-07', 'NO', 'no'),
(355, 12, 4, 7, '784.20', 'pendiente', 'Préstamos de Vehículos', '500.00', '2027-11-08', 'NO', 'no'),
(356, 12, 4, 7, '784.20', 'pendiente', 'Préstamos de Vehículos', '500.00', '2027-12-07', 'NO', 'no'),
(357, 12, 4, 7, '784.20', 'pendiente', 'Préstamos de Vehículos', '500.00', '2028-01-07', 'NO', 'no'),
(358, 12, 4, 7, '784.20', 'pendiente', 'Préstamos de Vehículos', '500.00', '2028-02-07', 'NO', 'no'),
(359, 12, 4, 7, '784.20', 'pendiente', 'Préstamos de Vehículos', '500.00', '2028-03-07', 'NO', 'no'),
(360, 12, 4, 7, '784.20', 'pendiente', 'Préstamos de Vehículos', '500.00', '2028-04-07', 'NO', 'no'),
(361, 12, 4, 7, '784.20', 'pendiente', 'Préstamos de Vehículos', '500.00', '2028-05-08', 'NO', 'no'),
(362, 12, 4, 7, '784.20', 'pendiente', 'Préstamos de Vehículos', '500.00', '2028-06-07', 'NO', 'no'),
(363, 12, 4, 7, '784.20', 'pendiente', 'Préstamos de Vehículos', '500.00', '2028-07-07', 'NO', 'no'),
(364, 12, 4, 7, '784.20', 'pendiente', 'Préstamos de Vehículos', '500.00', '2028-08-07', 'NO', 'no'),
(365, 12, 4, 7, '784.20', 'pendiente', 'Préstamos de Vehículos', '500.00', '2028-09-07', 'NO', 'no'),
(366, 12, 4, 7, '784.20', 'pendiente', 'Préstamos de Vehículos', '500.00', '2028-10-09', 'NO', 'no'),
(367, 12, 4, 7, '784.20', 'pendiente', 'Préstamos de Vehículos', '500.00', '2028-11-07', 'NO', 'no'),
(368, 12, 4, 7, '784.20', 'pendiente', 'Préstamos de Vehículos', '500.00', '2028-12-07', 'NO', 'no'),
(369, 12, 4, 7, '784.20', 'pendiente', 'Préstamos de Vehículos', '500.00', '2029-01-08', 'NO', 'no'),
(370, 12, 4, 7, '784.20', 'pendiente', 'Préstamos de Vehículos', '500.00', '2029-02-07', 'NO', 'no'),
(371, 12, 4, 7, '784.20', 'pendiente', 'Préstamos de Vehículos', '500.00', '2029-03-07', 'NO', 'no'),
(372, 12, 4, 7, '784.20', 'pendiente', 'Préstamos de Vehículos', '500.00', '2029-04-09', 'NO', 'no'),
(373, 12, 4, 7, '784.20', 'pendiente', 'Préstamos de Vehículos', '500.00', '2029-05-07', 'NO', 'no'),
(374, 12, 4, 7, '784.20', 'pendiente', 'Préstamos de Vehículos', '500.00', '2029-06-07', 'NO', 'no'),
(375, 12, 4, 7, '784.20', 'pendiente', 'Préstamos de Vehículos', '500.00', '2029-07-09', 'NO', 'no'),
(376, 12, 4, 7, '784.20', 'pendiente', 'Préstamos de Vehículos', '500.00', '2029-08-07', 'NO', 'no'),
(377, 12, 4, 7, '784.20', 'pendiente', 'Préstamos de Vehículos', '500.00', '2029-09-07', 'NO', 'no'),
(378, 12, 4, 7, '784.20', 'pendiente', 'Préstamos de Vehículos', '500.00', '2029-10-08', 'NO', 'no');

INSERT INTO `datosvehiculoscreditos` (`iddatosvehiculos`, `idcreditos`, `idproducto`, `idusuarios`, `placa`, `clase`, `anio`, `capacidad`, `asientos`, `marca`, `modelo`, `numeromotor`, `chasisgrabado`, `chasisvin`, `color`) VALUES
(1, 12, 4, 7, 'P488487', 'DEPORTIVO', 2020, '4.00', '4.00', 'BMW', 'i 8', 'WBY2Z2C57FV674366', 'WBY2Z2C57FV674366', 'WBY2Z2C57FV674366', 'Blanco Metalico');

INSERT INTO `detalleusuarios` (`iddetalle`, `dui`, `nit`, `telefono`, `celular`, `telefonotrabajo`, `direccion`, `empresa`, `cargo`, `direcciontrabajo`, `fechanacimiento`, `genero`, `estadocivil`, `fotoduifrontal`, `fotoduireverso`, `fotonit`, `fotofirma`, `idusuarios`) VALUES
(1, '03343322-4', '0614-220319-000-0', '2121-0099', '7755-3333', '2208-8988', 'Lorem de ipsum av lorem No 44 Av Amapolas Ote Block \"E\" PERFEITO! SI!!!!', 'CashMan H.A', 'Administrador Sistemas', 'Col Cumbres De Cuscatlán Pje 10 Políg Q No 105', '1998-12-25', 'm', 'Comprometido', '011817_62479631a8465_DuiFrontal.jpg', '011817_62479631a846d_DuiReverso.jpg', '011817_62479631a846d_NitFrontal.jpg', '011817_62479631a846d_Firma.png', 1),
(2, '00000000-1', '0611-140887-111-2', '7766-8888', '7788-7777', '7799-9988', 'Bo La Esperanza 5 Av Sur No 13, Santa Rosa de Lima', 'CashMan H.A', 'Administradora de Sistemas', 'Col Cumbres De Cuscatlán Pje 10 Políg Q No 105', '1987-09-14', 'f', 'Casada', '231526_623b909be2389_DuiFrontal.jpg', '231526_623b909be2390_DuiReverso.jpg', '231526_623b909be2390_NitFrontal.jpg', '231526_623b909be2390_Firma.png', 2),
(3, '00000000-2', '0611-220499-111-1', '2211-3333', '7899-1233', '2211-4455', 'Col La Rábida 29 Cl Ote No 730, San Salvador', 'CashMan H.A', 'Administrador de Sistemas', 'Col Cumbres De Cuscatlán Pje 10 Políg Q No 105', '1999-04-22', 'm', 'Comprometido', '231535_623b92915aedf_DuiFrontal.jpg', '231535_623b92915aee6_DuiReverso.jpg', '231535_623b92915aee6_NitFrontal.jpg', '231535_623b92915aee6_Firma.png', 3),
(4, '00000000-3', '0611-220495-009-1', '2211-2222', '2211-2233', '7788-7777', 'Resid Cdad Real Políg L-Sevilla No 01, San Juan Opico', 'CashMan H.A', 'Presidencia CEO', 'Col Cumbres De Cuscatlán Pje 10 Políg Q No 105', '1995-04-22', 'f', 'Casada', '231542_623b9462e7859_DuiFrontal.jpg', '231542_623b9462e7860_DuiReverso.jpg', '231542_623b9462e7860_NitFrontal.jpg', '231542_623b9462e7860_Firma.png', 4),
(5, '00000000-4', '0611-220999-112-2', '2234-4999', '2234-4950', '2233-9944', 'Bo El Calvario Cl Alberto Masferrer No 44-B Sto Tomás, Santo Tomás', 'CashMan H.A', 'Gerencia', 'Col Cumbres De Cuscatlán Pje 10 Políg Q No 105', '1999-09-22', 'm', 'Casado', '231600_623b98609eb9d_DuiFrontal.jpg', '231600_623b98609eba4_DuiReverso.jpg', '231600_623b98609eba4_NitFrontal.jpg', '231600_623b98609eba4_Firma.png', 5),
(6, '00000000-6', '0611-291280-112-1', '2233-2111', '2233-2112', '2244-2221', ' Autop Nte Cond San Francisco No 14', 'CashMan H.A', 'Atención al Cliente', 'Col Cumbres De Cuscatlán Pje 10 Políg Q No 105', '1980-12-29', 'm', 'Casado', '231607_623b9a3445811_DuiFrontal.jpg', '231607_623b9a3445818_DuiReverso.jpg', '231607_623b9a3445818_NitFrontal.jpg', '231607_623b9a3445818_Firma.png', 6),
(7, '00000000-7', '0611-220997-112-2', '2244-3344', '7889-0099', '2218-0440', 'Villa Constitución Cl Ppal No G-1 Galera Quemada Nejapa, Nejapa', 'Industrias Topaz', 'Jefa RR.HH', 'Bo San Antonio Cl Ppal 1 Cuadra Antes De Telecom', '1997-09-22', 'm', 'Soltero', '231652_623ba4acba391_DuiFrontal.jpg', '231652_623ba4acba3a0_DuiReverso.jpg', '231652_623ba4acba3a0_NitFrontal.jpg', '231652_623ba4acba3a0_Firma.png', 7),
(9, '00000000-8', '0611-050590-112-2', '2211-4455', '7994-7748', '2299-8484', 'Col San José Cl A La Playa Loc 5 Metalío, Metalio', 'Grupo LEMUS', 'Atención al Cliente', 'Z Ind Plan De La Laguna Cl Circunv Políg A Bod 1 Antgo Cusca', '1990-05-05', 'f', 'Divorciada', '231732_623bae2953054_DuiFrontal.jpg', '231732_623bae295305b_DuiReverso.jpg', '231732_623bae295305b_NitFrontal.jpg', '231732_623bae295305b_Firma.png', 8),
(10, '00000000-9', '0612-221194-112-2', '2211-4446', '7878-4636', '2947-1122', 'Rpto Bosques Del Matazano C C Matazano Loc 10 Soya, Soyapango', 'Grupo OCEANO', 'Ventas y Marketing', 'Cond Cuscatlán Fnl 4 Cl Pte y 25 Av Nte No 220', '1994-11-22', 'f', 'Divorciada', '241608_623cebd785835_DuiFrontal.jpg', '241608_623cebd785842_DuiReverso.jpg', '241608_623cebd785842_NitFrontal.jpg', '241608_623cebd785842_Firma.png', 9),
(11, '00000001-0', '0611-260197-117-1', '2299-4400', '7755-0099', '2310-0690', 'Col La Sultana Cl Las Rosas No 37 Antg Cusc, Tonacatepeque', 'SERSAPROSA', 'Dpto Riesgos Jurídicos', 'Urb Universitaria Cl Los Pinos No 20', '1997-01-26', 'm', 'Soltero', '251707_623e4b353d628_DuiFrontal.jpg', '251707_623e4b353d634_DuiReverso.jpg', '251707_623e4b353d634_NitFrontal.jpg', '251707_623e4b353d634_Firma.png', 10),
(12, '00000001-4', '0613-220387-122-8', '2298-7783', '7904-8389', '2211-9983', 'Lorem de ipsum av lorem No 44', 'Grupo Q', 'Agente de ventas (telefónico)', 'Calle La Reforma, NO 450-E Colonia Escalón (Edificio contact-center).', '1987-03-22', 'm', 'Divorciado', '011816_624795cce0504_DuiFrontal.jpg', '011816_624795cce050b_DuiReverso.jpg', '011816_624795cce050b_NitFrontal.jpg', '011816_624795cce050b_Firma.png', 11);

INSERT INTO `historicocreditos` (`idhistorico`, `idusuarios`, `idproducto`, `idcreditos`, `montocredito`, `interescredito`, `plazocredito`, `cuotamensual`, `estado`) VALUES
(1, 1, 2, 8, '1550.00', 10.05, 12, '168.48', 'cancelado'),
(2, 1, 2, 9, '340.00', 6, 6, '70.08', 'cancelado');

INSERT INTO `historicocuotascreditos` (`idhistorico`, `idcreditos`, `idproducto`, `idusuarios`, `montocancelar`, `nombreproducto`, `montocapital`, `fechavencimiento`) VALUES
(1, 8, 2, 1, '168.48', 'Préstamos Personales', '129.17', '2022-05-06'),
(2, 8, 2, 1, '168.48', 'Préstamos Personales', '129.17', '2022-06-06'),
(3, 8, 2, 1, '168.48', 'Préstamos Personales', '129.17', '2022-07-06'),
(4, 8, 2, 1, '168.48', 'Préstamos Personales', '129.17', '2022-08-08'),
(5, 8, 2, 1, '168.48', 'Préstamos Personales', '129.17', '2022-09-06'),
(6, 8, 2, 1, '168.48', 'Préstamos Personales', '129.17', '2022-10-06'),
(7, 8, 2, 1, '168.48', 'Préstamos Personales', '129.17', '2022-11-07'),
(8, 8, 2, 1, '168.48', 'Préstamos Personales', '129.17', '2022-12-06'),
(9, 8, 2, 1, '168.48', 'Préstamos Personales', '129.17', '2023-01-06'),
(10, 8, 2, 1, '168.48', 'Préstamos Personales', '129.17', '2023-02-06'),
(11, 8, 2, 1, '168.48', 'Préstamos Personales', '129.17', '2023-03-06'),
(12, 8, 2, 1, '168.48', 'Préstamos Personales', '129.17', '2023-04-06'),
(13, 9, 2, 1, '70.08', 'Préstamos Personales', '56.67', '2022-05-06'),
(14, 9, 2, 1, '70.08', 'Préstamos Personales', '56.67', '2022-06-06'),
(15, 9, 2, 1, '70.08', 'Préstamos Personales', '56.67', '2022-07-06'),
(16, 9, 2, 1, '70.08', 'Préstamos Personales', '56.67', '2022-08-08'),
(17, 9, 2, 1, '70.08', 'Préstamos Personales', '56.67', '2022-09-06'),
(18, 9, 2, 1, '70.08', 'Préstamos Personales', '56.67', '2022-10-06');


INSERT INTO `historicotransacciones` (`idhistoricotransaccion`, `idusuarios`, `idproducto`, `idcreditos`, `idcuotas`, `referencia`, `monto`, `fecha`, `dias_incumplimiento`, `empleado_gestion`) VALUES
(1, 1, 2, 8, 1, 'TCH#34d41aafcd', '168.48', '2022-04-07 11:11:35', 0, 'marco.almagro'),
(2, 1, 2, 8, 2, 'TCH#229b89be58', '168.48', '2022-04-07 11:11:45', 0, 'marco.almagro'),
(3, 1, 2, 8, 3, 'TCH#dea8c73929', '168.48', '2022-04-07 11:11:57', 0, 'marco.almagro'),
(4, 1, 2, 8, 4, 'TCH#1f4973ddf2', '168.48', '2022-04-07 11:12:13', 0, 'marco.almagro'),
(5, 1, 2, 8, 5, 'TCH#da52925946', '168.48', '2022-04-07 11:12:30', 0, 'marco.almagro'),
(6, 1, 2, 8, 6, 'TCH#c16b6cfb8b', '168.48', '2022-04-07 11:12:49', 0, 'marco.almagro'),
(7, 1, 2, 8, 7, 'TCH#6974b763c1', '168.48', '2022-04-07 11:13:00', 0, 'marco.almagro'),
(8, 1, 2, 8, 8, 'TCH#ae3f0c14bd', '168.48', '2022-04-07 11:13:11', 0, 'marco.almagro'),
(9, 1, 2, 8, 9, 'TCH#c63864c939', '168.48', '2022-04-07 11:13:20', 0, 'marco.almagro'),
(10, 1, 2, 8, 10, 'TCH#b2d3adde2f', '168.48', '2022-04-07 11:13:31', 0, 'marco.almagro'),
(11, 1, 2, 8, 11, 'TCH#99ef3a857e', '168.48', '2022-04-07 11:13:40', 0, 'marco.almagro'),
(12, 1, 2, 8, 12, 'TCH#6a92299bf2', '168.48', '2022-04-07 11:13:59', 0, 'marco.almagro'),
(13, 1, 2, 9, 13, 'TCH#6796adce31', '70.08', '2022-04-07 11:24:37', 0, 'daniel.rivera'),
(14, 1, 2, 9, 14, 'TCH#43d6bbe88b', '70.08', '2022-04-07 11:24:48', 0, 'daniel.rivera'),
(15, 1, 2, 9, 15, 'TCH#5328ffcee0', '70.08', '2022-04-07 11:25:15', 0, 'daniel.rivera'),
(16, 1, 2, 9, 16, 'TCH#c5a467a7a2', '70.08', '2022-04-07 11:25:28', 0, 'daniel.rivera'),
(17, 1, 2, 9, 17, 'TCH#a1a17cf1dc', '70.08', '2022-04-07 11:25:40', 0, 'daniel.rivera'),
(18, 1, 2, 9, 18, 'TCH#ac01b24e4c', '70.08', '2022-04-07 11:26:03', 0, 'daniel.rivera'),
(19, 1, 2, 10, 19, 'TCH#82517863ac', '155.07', '2022-04-07 11:32:35', 0, 'marco.almagro'),
(20, 1, 2, 10, 20, 'TCH#b35e19c00a', '155.07', '2022-04-07 11:32:50', 0, 'marco.almagro'),
(21, 1, 2, 10, 21, 'TCH#1cdd80a7fc', '155.07', '2022-04-07 11:33:04', 0, 'marco.almagro'),
(22, 10, 3, 11, 109, 'TCH#0ad1ad91a9', '20408.05', '2022-04-07 11:52:10', 0, 'marco.almagro'),
(23, 10, 3, 11, 110, 'TCH#7a64afb416', '20408.05', '2022-04-07 11:52:23', 0, 'marco.almagro');

INSERT INTO `mensajeria` (`idmensajeria`, `idusuarios`, `nombremensaje`, `asuntomensaje`, `detallemensaje`, `fechamensaje`, `idusuariosdestinatario`, `ocultarmensaje`) VALUES
(1, 1, 'Bienvenida Portal', 'Saludos Cordiales', 'Por medio de la presente, quisiera expresarle la más sincera bienvenida como nuevo cliente de nuestra compañia. Esperamos suplir sus necesidades financieras y que todos sus planes sean de muchos éxitos.', '2022-03-23 23:13:28', 7, 'no'),
(2, 2, 'Reportes Fallos', 'Consulta gestiones reportes fallos', 'Buen día estimado, informar sobre la disponibilidad de reportes de fallos de plataforma para todos los usuarios y clientes.', '2022-03-24 23:44:15', 1, 'no');


INSERT INTO `notificaciones` (`idnotificacion`, `idusuarios`, `titulonotificacion`, `descripcionnotificacion`, `fechanotificacion`, `clasificacionnotificacion`, `ocultarnotificacion`) VALUES
(1, 1, 'Pago Cuota Mensual Recibido', 'Pago efectuado con éxito referencia TCH#34d41aafcd', '2022-04-07 11:11:35', 'pagorecibido', 'no'),
(2, 1, 'Pago Cuota Mensual Recibido', 'Pago efectuado con éxito referencia TCH#229b89be58', '2022-04-07 11:11:45', 'pagorecibido', 'no'),
(3, 1, 'Pago Cuota Mensual Recibido', 'Pago efectuado con éxito referencia TCH#dea8c73929', '2022-04-07 11:11:57', 'pagorecibido', 'no'),
(4, 1, 'Pago Cuota Mensual Recibido', 'Pago efectuado con éxito referencia TCH#1f4973ddf2', '2022-04-07 11:12:13', 'pagorecibido', 'no'),
(5, 1, 'Pago Cuota Mensual Recibido', 'Pago efectuado con éxito referencia TCH#da52925946', '2022-04-07 11:12:30', 'pagorecibido', 'no'),
(6, 1, 'Pago Cuota Mensual Recibido', 'Pago efectuado con éxito referencia TCH#c16b6cfb8b', '2022-04-07 11:12:49', 'pagorecibido', 'no'),
(7, 1, 'Pago Cuota Mensual Recibido', 'Pago efectuado con éxito referencia TCH#6974b763c1', '2022-04-07 11:13:00', 'pagorecibido', 'no'),
(8, 1, 'Pago Cuota Mensual Recibido', 'Pago efectuado con éxito referencia TCH#ae3f0c14bd', '2022-04-07 11:13:11', 'pagorecibido', 'no'),
(9, 1, 'Pago Cuota Mensual Recibido', 'Pago efectuado con éxito referencia TCH#c63864c939', '2022-04-07 11:13:20', 'pagorecibido', 'no'),
(10, 1, 'Pago Cuota Mensual Recibido', 'Pago efectuado con éxito referencia TCH#b2d3adde2f', '2022-04-07 11:13:31', 'pagorecibido', 'no'),
(11, 1, 'Pago Cuota Mensual Recibido', 'Pago efectuado con éxito referencia TCH#99ef3a857e', '2022-04-07 11:13:40', 'pagorecibido', 'no'),
(12, 1, 'Pago Cuota Mensual Recibido', 'Pago efectuado con éxito referencia TCH#6a92299bf2', '2022-04-07 11:13:59', 'pagorecibido', 'no'),
(13, 1, 'Pago Cuota Mensual Recibido', 'Pago efectuado con éxito referencia TCH#6796adce31', '2022-04-07 11:24:37', 'pagorecibido', 'no'),
(14, 1, 'Pago Cuota Mensual Recibido', 'Pago efectuado con éxito referencia TCH#43d6bbe88b', '2022-04-07 11:24:48', 'pagorecibido', 'no'),
(15, 1, 'Pago Cuota Mensual Recibido', 'Pago efectuado con éxito referencia TCH#5328ffcee0', '2022-04-07 11:25:15', 'pagorecibido', 'no'),
(16, 1, 'Pago Cuota Mensual Recibido', 'Pago efectuado con éxito referencia TCH#c5a467a7a2', '2022-04-07 11:25:28', 'pagorecibido', 'no'),
(17, 1, 'Pago Cuota Mensual Recibido', 'Pago efectuado con éxito referencia TCH#a1a17cf1dc', '2022-04-07 11:25:40', 'pagorecibido', 'no'),
(18, 1, 'Pago Cuota Mensual Recibido', 'Pago efectuado con éxito referencia TCH#ac01b24e4c', '2022-04-07 11:26:03', 'pagorecibido', 'no'),
(19, 1, 'Pago Cuota Mensual Recibido', 'Pago efectuado con éxito referencia TCH#82517863ac', '2022-04-07 11:32:35', 'pagorecibido', 'no'),
(20, 1, 'Pago Cuota Mensual Recibido', 'Pago efectuado con éxito referencia TCH#b35e19c00a', '2022-04-07 11:32:50', 'pagorecibido', 'no'),
(21, 1, 'Pago Cuota Mensual Recibido', 'Pago efectuado con éxito referencia TCH#1cdd80a7fc', '2022-04-07 11:33:04', 'pagorecibido', 'no'),
(22, 10, 'Pago Cuota Mensual Recibido', 'Pago efectuado con éxito referencia TCH#0ad1ad91a9', '2022-04-07 11:52:10', 'pagorecibido', 'no'),
(23, 10, 'Pago Cuota Mensual Recibido', 'Pago efectuado con éxito referencia TCH#7a64afb416', '2022-04-07 11:52:23', 'pagorecibido', 'no'),
(24, 1, 'Pago Cuota Mensual Recibido', 'Pago efectuado con éxito referencia TCH#82517863ac', '2022-04-07 23:52:49', 'pagorecibido', 'no'),
(25, 1, 'Pago Cuota Mensual Recibido', 'Pago efectuado con éxito referencia TCH#b35e19c00a', '2022-04-07 23:52:49', 'pagorecibido', 'no'),
(26, 1, 'Pago Cuota Mensual Recibido', 'Pago efectuado con éxito referencia TCH#1cdd80a7fc', '2022-04-07 23:52:49', 'pagorecibido', 'no'),
(27, 10, 'Pago Cuota Mensual Recibido', 'Pago efectuado con éxito referencia TCH#0ad1ad91a9', '2022-04-07 23:52:49', 'pagorecibido', 'no'),
(28, 10, 'Pago Cuota Mensual Recibido', 'Pago efectuado con éxito referencia TCH#7a64afb416', '2022-04-07 23:52:49', 'pagorecibido', 'no');

INSERT INTO `productos` (`idproducto`, `codigo`, `nombreproducto`, `descripcionproducto`, `requisitosproductos`, `estado`) VALUES
(1, 'CAhorrosPe-CHSA', 'Cuentas de Ahorro Personales', 'Cuentas de ahorro personales simples, sin libreta express.', 'Mayor de 18 años, apertura mínima de $25.00 USD, DUI o NIT.\r\nPoseer un crédito activo o bien tener un histórico de crédito anterior con la empresa.', 'activo'),
(2, 'PrPersonal-CHSA', 'Préstamos Personales', 'Préstamo pago en ventanilla, orientado a la consolidación de deudas, traslado de préstamos o  gastos personales.  Aplica para asalariados o profesional independiente.', 'Plazo máximo hasta 6 años,\r\nMontos desde $1,500 hasta $50,0000.\r\nEdad desde 21 hasta 70 años. Fotocopia de DUI Y NIT,\r\nAsalariado con 6 meses o más de laborar en la empresa (ingresos mínimos $600.00),\r\nEstado de cuenta de AFP,\r\nConstancia de salario vigente, debidamente sellada y firmada.\r\nCopia de recibo de agua, luz o teléfono fijo,\r\nEstados de cuenta vigentes de las deudas a cancelar\r\nProfesional independiente con 3 años en la gestión(ingreso mínimos de $1,200),\r\nPropietario que declara a título personal(ingresos mínimos de $5,100)\r\nUltimas 3 declaraciones de renta', 'activo'),
(3, 'PrHipoteca-CHSA', 'Préstamos Hipotecarios', 'Préstamos hipotecarios con tasas de interés competitivas, se financia hasta un 90% del valor total del inmueble', '', 'activo'),
(4, 'PrVehiculo-CHSA', 'Préstamos de Vehículos', 'Préstamo orientado a financiar la compra de vehículo nuevo exclusivamente (No aplica vehículos comerciales; Camiones, Buses, Microbuses)', 'Asalariados', 'activo');

INSERT INTO `recuperacion` (`idrecuperaciones`, `correo`, `token`, `codigo`, `fecha`, `estado`) VALUES
(1, 'dan@gmail.com', '973a9afcf6', 10236, '2022-03-22 20:15:43', 'nousado'),
(2, 'dan@gmail.com', '96540bceb5', 44571, '2022-03-28 20:41:38', 'nousado'),
(3, 'dan@gmail.com', '83e35e7792', 30483, '2022-03-28 20:48:10', 'usado'),
(4, 'dan@gmail.com', 'f3fdab2ff7', 89357, '2022-03-28 20:51:41', 'usado');

INSERT INTO `referenciaspersonales` (`idreferencias`, `idcreditos`, `idusuarios`, `idproducto`, `nombres_referencia1`, `apellidos_referencia1`, `empresa_referencia1`, `profesion_oficioreferencia1`, `telefono_referencia1`, `nombres_referencia2`, `apellidos_referencia2`, `empresa_referencia2`, `profesion_oficioreferencia2`, `telefono_referencia2`) VALUES
(3, 10, 1, 2, 'Maria del Carmen', 'Mendoza', 'SigmaQ', 'Jefa RR.HH', '7648-3838', 'Rosmi Adonay', 'Chavez', 'SIgmaQ', 'Despachador Operativo', '7738-4847'),
(4, 11, 10, 3, 'Joaquin', 'Topaz', 'Industrias Topaz', 'CEO', '7453-8447', 'Sandra Avila', 'Bahia', 'Textufil', 'CO-CEO', '7399-4858'),
(5, 12, 7, 4, 'Josue', 'Hernandez', 'Grupo Q', 'Vendedor / Atencion al Cliente', '7484-3993', 'Rodrigo', 'Mendoza', 'FUSALMO', 'Jefe Proyeccion Social', '7784-8747');

INSERT INTO `roles` (`idrol`, `nombrerol`, `descripcionrol`) VALUES
(1, 'administrador', 'Usuarios administradores, encargados del mantenimiento de sistemas CashMan H.A..'),
(2, 'presidencia', 'Usuarios del departamento de presidencia CashMan H.A, incluido CEO general de la empresa.'),
(3, 'gerencia', 'Todo el personal operativo del departamento de gerencia CashMan H.A '),
(4, 'atencionclientes', 'Todo el personal operativo del departamento de atención al cliente.'),
(5, 'clientes', 'Clientes cashmanha los cuáles poseen al menos un producto asociado con la empresa');

INSERT INTO `transacciones` (`idtransaccion`, `idusuarios`, `idproducto`, `idcreditos`, `idcuotas`, `referencia`, `monto`, `fecha`, `dias_incumplimiento`, `empleado_gestion`) VALUES
(19, 1, 2, 10, 19, 'TCH#82517863ac', '155.07', '2022-04-07 11:32:35', 0, 'marco.almagro'),
(20, 1, 2, 10, 20, 'TCH#b35e19c00a', '155.07', '2022-04-07 11:32:50', 0, 'marco.almagro'),
(21, 1, 2, 10, 21, 'TCH#1cdd80a7fc', '155.07', '2022-04-07 11:33:04', 0, 'marco.almagro'),
(22, 10, 3, 11, 109, 'TCH#0ad1ad91a9', '20408.05', '2022-04-07 11:52:10', 0, 'marco.almagro'),
(23, 10, 3, 11, 110, 'TCH#7a64afb416', '20408.05', '2022-04-07 11:52:23', 0, 'marco.almagro');

INSERT INTO `transaccionescuentasclientes` (`idtransaccioncuentas`, `idusuarios`, `idproducto`, `idcuentas`, `referencia`, `monto`, `fecha`, `empleado_gestion`, `tipotransaccion`, `estadotransaccion`, `saldonuevocuenta_transaccion`) VALUES
(1, 8, 1, 2, 'TDCA-CH#13f32b8d82018a4d', '2070.00', '2022-03-24 00:03:40', 'daniel.rivera', 'Entrada', 'Procesada', '2100.00'),
(2, 7, 1, 1, 'TDCA-CH#a072a7f54a6ecf6e', '50.00', '2022-03-24 00:04:25', 'daniel.rivera', 'Entrada', 'Procesada', '400.00'),
(3, 8, 1, 2, 'TOCCA-CH#0e49bd8bece245f08f', '75.00', '2022-03-24 00:07:21', 'Clientes', 'EnvioTransferencia', 'Procesada', '75.00'),
(4, 7, 1, 2, 'TOCCA-CH#0e49bd8bece245f08f', '75.00', '2022-03-24 00:07:21', 'Clientes', 'DepositoTransferencia', 'Procesada', '75.00'),
(5, 7, 1, 1, 'TRCA-CH#f67d08f667bc7de9', '50.00', '2022-03-24 20:53:14', 'daniel.rivera', 'Salida', 'Procesada', '425.00'),
(6, 7, 1, 1, 'TRCA-CH#19507cbb5e5a449f', '25.00', '2022-03-24 20:56:39', 'daniel.rivera', 'Salida', 'Procesada', '400.00'),
(7, 8, 1, 2, 'TRCA-CH#5ddf2092729922c1', '25.00', '2022-03-24 20:58:00', 'daniel.rivera', 'Salida', 'Procesada', '2000.00'),
(8, 7, 1, 1, 'TDCA-CH#1ea65a9365e12dec', '1900.00', '2022-03-24 20:58:56', 'daniel.rivera', 'Entrada', 'Procesada', '2300.00'),
(9, 7, 1, 1, 'TOCCA-CH#89da69d48b48eb23dd', '100.00', '2022-03-24 21:29:30', 'Clientes', 'EnvioTransferencia', 'Procesada', '100.00'),
(10, 8, 1, 1, 'TOCCA-CH#89da69d48b48eb23dd', '100.00', '2022-03-24 21:29:30', 'Clientes', 'DepositoTransferencia', 'Procesada', '100.00'),
(11, 9, 1, 3, 'TDCA-CH#d50c7a5860aa1db8', '3000.00', '2022-03-24 22:44:42', 'marco.almagro', 'Entrada', 'Procesada', '6500.00');

INSERT INTO `transferencias` (`idtransferencia`, `numerocuenta`, `monto`, `referencia`, `fecha`, `estado`, `idusuarios`, `idusuariodestino`, `idproducto`, `idcuentas`, `idcuentadestino`) VALUES
(1, 101462573, '75.00', 'TOCCA-CH#0e49bd8bece245f08f', '2022-03-24 00:07:21', 'Procesada', 8, 7, 1, 2, 1),
(2, 104176523, '100.00', 'TOCCA-CH#89da69d48b48eb23dd', '2022-03-24 21:29:30', 'Procesada', 7, 8, 1, 1, 2);

INSERT INTO `usuarios` (`idusuarios`, `nombres`, `apellidos`, `codigousuario`, `contrasenia`, `correo`, `fotoperfil`, `idrol`, `estado_usuario`, `completoperfil`, `habilitarsistema`, `nuevousuario`, `poseecuenta`, `poseecredito`, `habilitarnuevoscreditos`, `quienregistro`) VALUES
(1, 'Daniel', 'Rivera', 'daniel.rivera', '2amd2u6R8VO3w', 'dan@gmail.com', '211543_6214078166f67_b2.PNG', 1, 'activo', 'si', 'si', 'no', 'si', 'si', 'si', 'daniel.rivera'),
(2, 'Norma', 'Boix', 'norma.boix', 'f7GC9/YfeAzBc', 'normaboix@yahoo.es', 'foto_usuarios_nuevos.png', 1, 'activo', 'si', 'no', 'no', 'no', 'no', 'si', 'daniel.rivera'),
(3, 'Avelino', 'Blanco', 'avelino.blanco', 'f7GC9/YfeAzBc', 'avelinoblanco@gmail.com', 'foto_usuarios_nuevos.png', 1, 'activo', 'si', 'no', 'no', 'no', 'no', 'si', 'daniel.rivera'),
(4, 'Ester', 'Cuenca', 'ester.cuenca', 'f7GC9/YfeAzBc', 'estercuenca@gmail.com', 'foto_usuarios_nuevos.png', 2, 'activo', 'si', 'no', 'no', 'no', 'no', 'si', 'daniel.rivera'),
(5, 'Faustino', 'Padron', 'faustino.padron', 'f7GC9/YfeAzBc', 'faustopadron@gmail.com', 'foto_usuarios_nuevos.png', 3, 'activo', 'si', 'no', 'no', 'no', 'no', 'si', 'daniel.rivera'),
(6, 'Marco', 'Almagro', 'marco.almagro', 'f7GC9/YfeAzBc', 'marco111@gmail.com', 'foto_usuarios_nuevos.png', 4, 'activo', 'si', 'no', 'no', 'no', 'no', 'si', 'daniel.rivera'),
(7, 'Jenifer Abigail', 'Castañeda', 'jenifer.abigail', 'f7GC9/YfeAzBc', 'jeniferabg@gmail.com', 'foto_usuarios_nuevos.png', 5, 'activo', 'si', 'si', 'no', 'si', 'no', 'si', 'daniel.rivera'),
(8, 'Maria Cristina', 'Frances Rosas', 'maria.frances', 'f7GC9/YfeAzBc', 'mariacristinaf@yahoo.com', 'foto_usuarios_nuevos.png', 5, 'inactivo', 'si', 'si', 'no', 'si', 'no', 'si', 'daniel.rivera'),
(9, 'Luz Mancebo', 'Llabrés', 'luz.mancebo', 'f7GC9/YfeAzBc', 'luzmcllabres@gmail.com', 'foto_usuarios_nuevos.png', 5, 'bloqueado', 'si', 'si', 'no', 'si', 'no', 'si', 'daniel.rivera'),
(10, 'Leonel Alexander', 'Franco González', 'leonel.franco', 'e1LW4NPXPhoo.', 'modificarcorreoreal@gmail.com', 'foto_usuarios_nuevos.png', 5, 'activo', 'si', 'si', 'si', 'si', 'no', 'si', 'daniel.rivera'),
(11, 'Javier Ernesto', 'Ponce Díaz', 'javier.ponce', 'f7GC9/YfeAzBc', 'javierponcedi1@yahoo.es', 'foto_usuarios_nuevos.png', 5, 'bloqueado', 'si', 'si', 'no', 'no', 'no', 'si', 'daniel.rivera');